customer_code,top_predicted_products,actual_new_products_next_month,precision,recall
1179793,"['current_account', 'pensions_2', 'payroll', 'direct_debit', 'long-term_deposits']",[],0.0,0.0
969365,"['current_account', 'direct_debit', 'e-account', 'particular_account', 'particular_plus_account']",[],0.0,0.0
1346121,"['current_account', 'pensions_2', 'payroll', 'direct_debit', 'e-account']",[],0.0,0.0
307065,"['current_account', 'taxes', 'direct_debit', 'e-account', 'payroll']",[],0.0,0.0
288195,"['e-account', 'taxes', 'credit_card', 'direct_debit', 'payroll_account']",[],0.0,0.0
1292888,"['credit_card', 'e-account', 'payroll', 'direct_debit', 'pensions_2']",[],0.0,0.0
466698,"['taxes', 'e-account', 'direct_debit', 'credit_card', 'particular_account']",[],0.0,0.0
815506,"['long-term_deposits', 'particular_plus_account', 'current_account', 'direct_debit', 'payroll']",[],0.0,0.0
311557,"['particular_account', 'direct_debit', 'e-account', 'particular_plus_account', 'payroll']",[],0.0,0.0
1408188,"['current_account', 'pensions_2', 'payroll', 'credit_card', 'direct_debit']",[],0.0,0.0
25601,"['taxes', 'e-account', 'credit_card', 'particular_account', 'direct_debit']",[],0.0,0.0
74124,"['credit_card', 'e-account', 'taxes', 'direct_debit', 'particular_plus_account']",[],0.0,0.0
242577,"['credit_card', 'e-account', 'taxes', 'direct_debit', 'payroll']",[],0.0,0.0
776460,"['más_particular_account', 'payroll_account', 'pensions_2', 'payroll', 'direct_debit']",[],0.0,0.0
814393,"['credit_card', 'e-account', 'direct_debit', 'taxes', 'payroll_account']",[],0.0,0.0
823726,"['current_account', 'direct_debit', 'particular_account', 'credit_card', 'e-account']",['direct_debit'],0.2,1.0
1062310,"['current_account', 'securities', 'pensions_2', 'payroll', 'direct_debit']",[],0.0,0.0
926673,"['current_account', 'direct_debit', 'pensions_2', 'payroll', 'securities']",[],0.0,0.0
807049,"['current_account', 'direct_debit', 'particular_account', 'securities', 'credit_card']",[],0.0,0.0
1220758,"['e-account', 'direct_debit', 'credit_card', 'current_account', 'particular_plus_account']",[],0.0,0.0
639138,"['current_account', 'taxes', 'direct_debit', 'securities', 'e-account']",[],0.0,0.0
1462527,"['current_account', 'payroll', 'pensions_2', 'e-account', 'direct_debit']",[],0.0,0.0
1484763,"['current_account', 'pensions_2', 'payroll', 'direct_debit', 'securities']",[],0.0,0.0
1257112,"['e-account', 'taxes', 'direct_debit', 'particular_account', 'credit_card']",[],0.0,0.0
225830,"['particular_account', 'long-term_deposits', 'direct_debit', 'e-account', 'credit_card']",[],0.0,0.0
183194,"['current_account', 'direct_debit', 'particular_account', 'pensions_2', 'payroll']",[],0.0,0.0
1478530,"['credit_card', 'e-account', 'direct_debit', 'payroll', 'current_account']",[],0.0,0.0
1086390,"['current_account', 'securities', 'pensions_2', 'payroll', 'long-term_deposits']",[],0.0,0.0
519500,"['current_account', 'direct_debit', 'particular_plus_account', 'credit_card', 'particular_account']",[],0.0,0.0
895359,"['e-account', 'taxes', 'direct_debit', 'credit_card', 'particular_account']",[],0.0,0.0
1273107,"['current_account', 'pensions_2', 'payroll', 'direct_debit', 'securities']",[],0.0,0.0
725023,"['e-account', 'taxes', 'payroll', 'particular_account', 'direct_debit']",[],0.0,0.0
870825,"['credit_card', 'e-account', 'taxes', 'pensions_2', 'payroll_account']",[],0.0,0.0
703630,"['particular_plus_account', 'direct_debit', 'particular_account', 'e-account', 'taxes']",[],0.0,0.0
1203250,"['credit_card', 'e-account', 'direct_debit', 'current_account', 'payroll']",[],0.0,0.0
1103183,"['current_account', 'credit_card', 'pensions_2', 'payroll', 'direct_debit']",[],0.0,0.0
1317903,"['e-account', 'taxes', 'direct_debit', 'particular_account', 'current_account']",[],0.0,0.0
676243,"['direct_debit', 'e-account', 'payroll_account', 'particular_plus_account', 'payroll']","['pensions_2', 'payroll']",0.2,0.5
1039774,"['current_account', 'pensions_2', 'payroll', 'particular_plus_account', 'direct_debit']",[],0.0,0.0
1108054,"['current_account', 'payroll', 'pensions_2', 'direct_debit', 'particular_plus_account']",[],0.0,0.0
1494960,"['credit_card', 'e-account', 'payroll', 'direct_debit', 'current_account']",[],0.0,0.0
510131,"['taxes', 'e-account', 'credit_card', 'direct_debit', 'particular_account']",[],0.0,0.0
1323995,"['current_account', 'securities', 'pensions_2', 'payroll', 'credit_card']",[],0.0,0.0
1307651,"['current_account', 'credit_card', 'direct_debit', 'pensions_2', 'payroll']",[],0.0,0.0
1010939,"['credit_card', 'e-account', 'direct_debit', 'current_account', 'taxes']",[],0.0,0.0
1103489,"['current_account', 'credit_card', 'e-account', 'direct_debit', 'securities']",[],0.0,0.0
1400093,"['e-account', 'payroll', 'taxes', 'direct_debit', 'particular_account']",[],0.0,0.0
557132,"['taxes', 'e-account', 'particular_account', 'direct_debit', 'current_account']",[],0.0,0.0
744714,"['credit_card', 'e-account', 'direct_debit', 'current_account', 'particular_account']",[],0.0,0.0
963856,"['current_account', 'taxes', 'credit_card', 'securities', 'direct_debit']",[],0.0,0.0
305898,"['credit_card', 'e-account', 'payroll_account', 'taxes', 'direct_debit']",[],0.0,0.0
707950,"['current_account', 'direct_debit', 'long-term_deposits', 'particular_account', 'e-account']",[],0.0,0.0
1438089,"['current_account', 'pensions_2', 'payroll', 'securities', 'e-account']",[],0.0,0.0
394464,"['credit_card', 'e-account', 'payroll_account', 'taxes', 'direct_debit']",[],0.0,0.0
288314,"['current_account', 'e-account', 'direct_debit', 'long-term_deposits', 'credit_card']",[],0.0,0.0
137221,"['particular_account', 'current_account', 'direct_debit', 'securities', 'e-account']",[],0.0,0.0
331018,"['particular_account', 'direct_debit', 'taxes', 'credit_card', 'payroll_account']",[],0.0,0.0
40312,"['taxes', 'e-account', 'credit_card', 'payroll', 'pensions_2']",[],0.0,0.0
927481,"['current_account', 'long-term_deposits', 'credit_card', 'e-account', 'direct_debit']",[],0.0,0.0
1335575,"['credit_card', 'e-account', 'payroll', 'direct_debit', 'current_account']",[],0.0,0.0
936391,"['current_account', 'securities', 'payroll', 'pensions_2', 'direct_debit']",[],0.0,0.0
777697,"['taxes', 'e-account', 'credit_card', 'payroll_account', 'particular_account']",[],0.0,0.0
985558,"['current_account', 'pensions_2', 'payroll', 'securities', 'credit_card']",[],0.0,0.0
1021821,"['junior_account', 'pensions_2', 'payroll', 'current_account', 'direct_debit']",[],0.0,0.0
1262751,"['e-account', 'direct_debit', 'particular_account', 'funds', 'payroll']",[],0.0,0.0
1100402,"['current_account', 'payroll', 'taxes', 'pensions_2', 'direct_debit']",[],0.0,0.0
684547,"['loans', 'particular_account', 'payroll_account', 'credit_card', 'payroll']",[],0.0,0.0
237321,"['current_account', 'particular_plus_account', 'direct_debit', 'pensions_2', 'payroll']",[],0.0,0.0
208802,"['current_account', 'direct_debit', 'e-account', 'particular_account', 'long-term_deposits']",[],0.0,0.0
989865,"['current_account', 'payroll', 'pensions_2', 'securities', 'long-term_deposits']",[],0.0,0.0
1049955,"['current_account', 'pensions_2', 'payroll', 'taxes', 'credit_card']",[],0.0,0.0
570621,"['e-account', 'taxes', 'particular_account', 'credit_card', 'direct_debit']",[],0.0,0.0
1372798,"['e-account', 'funds', 'taxes', 'securities', 'credit_card']",[],0.0,0.0
1282191,"['current_account', 'payroll', 'securities', 'pensions_2', 'direct_debit']",[],0.0,0.0
1514606,"['current_account', 'direct_debit', 'payroll', 'particular_account', 'credit_card']",[],0.0,0.0
1281635,"['e-account', 'taxes', 'direct_debit', 'credit_card', 'particular_account']",[],0.0,0.0
822225,"['e-account', 'payroll', 'pensions_2', 'taxes', 'payroll_account']",[],0.0,0.0
1390137,"['payroll_account', 'pensions_2', 'payroll', 'securities', 'particular_plus_account']",[],0.0,0.0
1417932,"['credit_card', 'e-account', 'payroll', 'direct_debit', 'pensions_2']",[],0.0,0.0
1032985,"['current_account', 'payroll', 'pensions_2', 'long-term_deposits', 'securities']",[],0.0,0.0
426769,"['current_account', 'particular_account', 'direct_debit', 'particular_plus_account', 'e-account']",[],0.0,0.0
1037697,"['current_account', 'payroll', 'direct_debit', 'pensions_2', 'particular_account']",[],0.0,0.0
918881,"['payroll', 'e-account', 'taxes', 'direct_debit', 'current_account']",[],0.0,0.0
289247,"['current_account', 'particular_account', 'direct_debit', 'e-account', 'credit_card']",[],0.0,0.0
1108290,"['current_account', 'payroll', 'pensions_2', 'direct_debit', 'particular_account']",[],0.0,0.0
1005417,"['current_account', 'payroll', 'direct_debit', 'pensions_2', 'particular_plus_account']",[],0.0,0.0
196898,"['current_account', 'e-account', 'direct_debit', 'credit_card', 'particular_plus_account']",[],0.0,0.0
473004,"['credit_card', 'e-account', 'direct_debit', 'current_account', 'particular_account']",[],0.0,0.0
1518487,"['current_account', 'direct_debit', 'e-account', 'pensions_2', 'payroll']",['direct_debit'],0.2,1.0
1074494,"['current_account', 'particular_account', 'pensions_2', 'direct_debit', 'e-account']",[],0.0,0.0
946835,"['current_account', 'payroll', 'pensions_2', 'taxes', 'direct_debit']",[],0.0,0.0
88907,"['current_account', 'direct_debit', 'e-account', 'particular_account', 'taxes']",[],0.0,0.0
524969,"['current_account', 'long-term_deposits', 'e-account', 'particular_account', 'direct_debit']",[],0.0,0.0
1447462,"['current_account', 'pensions_2', 'payroll', 'credit_card', 'taxes']",[],0.0,0.0
1371502,"['e-account', 'payroll', 'taxes', 'particular_account', 'direct_debit']",[],0.0,0.0
1029437,"['current_account', 'pensions_2', 'payroll', 'credit_card', 'direct_debit']",[],0.0,0.0
193088,"['taxes', 'e-account', 'credit_card', 'long-term_deposits', 'particular_account']",[],0.0,0.0
1299554,"['current_account', 'pensions_2', 'payroll', 'credit_card', 'direct_debit']",[],0.0,0.0
1208483,"['current_account', 'pensions_2', 'payroll', 'securities', 'direct_debit']",[],0.0,0.0
1247831,"['current_account', 'payroll', 'credit_card', 'pensions_2', 'direct_debit']",[],0.0,0.0
1079298,"['current_account', 'credit_card', 'securities', 'direct_debit', 'payroll_account']",[],0.0,0.0
1209906,"['taxes', 'payroll', 'e-account', 'pensions_2', 'direct_debit']",[],0.0,0.0
1329872,"['current_account', 'securities', 'pensions_2', 'payroll', 'direct_debit']",[],0.0,0.0
1473950,"['taxes', 'payroll', 'e-account', 'direct_debit', 'current_account']",[],0.0,0.0
1272636,"['current_account', 'payroll', 'pensions_2', 'taxes', 'direct_debit']",[],0.0,0.0
190107,"['credit_card', 'e-account', 'direct_debit', 'payroll_account', 'taxes']",[],0.0,0.0
366906,"['current_account', 'direct_debit', 'e-account', 'particular_account', 'particular_plus_account']",[],0.0,0.0
1215612,"['current_account', 'pensions_2', 'payroll', 'direct_debit', 'particular_account']",[],0.0,0.0
1201040,"['payroll_account', 'direct_debit', 'payroll', 'pensions_2', 'securities']",[],0.0,0.0
1521975,"['current_account', 'e-account', 'particular_account', 'direct_debit', 'payroll']",['e-account'],0.2,1.0
1438567,"['current_account', 'taxes', 'pensions_2', 'payroll', 'credit_card']",[],0.0,0.0
938508,"['current_account', 'pensions_2', 'payroll', 'taxes', 'securities']",[],0.0,0.0
200806,"['current_account', 'particular_account', 'direct_debit', 'e-account', 'payroll_account']",[],0.0,0.0
1493800,"['credit_card', 'e-account', 'payroll', 'direct_debit', 'current_account']",[],0.0,0.0
232203,"['payroll_account', 'particular_account', 'direct_debit', 'pensions_2', 'particular_plus_account']",[],0.0,0.0
961856,"['current_account', 'pensions_2', 'payroll', 'credit_card', 'direct_debit']",[],0.0,0.0
940267,"['current_account', 'securities', 'taxes', 'payroll_account', 'direct_debit']",[],0.0,0.0
205980,"['current_account', 'particular_account', 'e-account', 'home_account', 'credit_card']",[],0.0,0.0
1497873,"['e-account', 'payroll', 'long-term_deposits', 'taxes', 'direct_debit']",[],0.0,0.0
1254937,"['current_account', 'direct_debit', 'e-account', 'particular_account', 'payroll']",['direct_debit'],0.2,1.0
849101,"['credit_card', 'e-account', 'direct_debit', 'current_account', 'particular_account']",[],0.0,0.0
1379683,"['current_account', 'direct_debit', 'funds', 'e-account', 'payroll']",[],0.0,0.0
247354,"['current_account', 'particular_account', 'direct_debit', 'particular_plus_account', 'long-term_deposits']",[],0.0,0.0
1350561,"['credit_card', 'e-account', 'direct_debit', 'current_account', 'payroll']",[],0.0,0.0
494140,"['current_account', 'direct_debit', 'particular_account', 'long-term_deposits', 'taxes']",[],0.0,0.0
1227635,"['credit_card', 'e-account', 'direct_debit', 'taxes', 'payroll_account']",[],0.0,0.0
1250506,"['payroll', 'e-account', 'taxes', 'direct_debit', 'current_account']",[],0.0,0.0
557353,"['current_account', 'e-account', 'taxes', 'direct_debit', 'particular_account']",[],0.0,0.0
939845,"['current_account', 'pensions_2', 'payroll', 'securities', 'direct_debit']",[],0.0,0.0
1127904,"['current_account', 'e-account', 'direct_debit', 'particular_account', 'credit_card']",[],0.0,0.0
1312006,"['current_account', 'pensions_2', 'payroll', 'credit_card', 'direct_debit']",[],0.0,0.0
1429986,"['current_account', 'pensions_2', 'payroll', 'direct_debit', 'e-account']",[],0.0,0.0
535488,"['taxes', 'e-account', 'credit_card', 'payroll_account', 'particular_account']",[],0.0,0.0
925822,"['current_account', 'payroll', 'pensions_2', 'credit_card', 'securities']",[],0.0,0.0
552623,"['particular_plus_account', 'current_account', 'taxes', 'credit_card', 'direct_debit']",[],0.0,0.0
946654,"['current_account', 'pensions_2', 'long-term_deposits', 'direct_debit', 'payroll']",[],0.0,0.0
884725,"['e-account', 'taxes', 'credit_card', 'particular_account', 'payroll_account']",[],0.0,0.0
32858,"['direct_debit', 'e-account', 'payroll_account', 'pensions', 'securities']",[],0.0,0.0
658778,"['credit_card', 'e-account', 'payroll_account', 'direct_debit', 'taxes']",[],0.0,0.0
1106419,"['current_account', 'securities', 'pensions_2', 'payroll', 'direct_debit']",[],0.0,0.0
18619,"['current_account', 'taxes', 'payroll_account', 'direct_debit', 'e-account']",[],0.0,0.0
476642,"['taxes', 'e-account', 'credit_card', 'particular_account', 'direct_debit']",[],0.0,0.0
1454608,"['current_account', 'pensions_2', 'payroll', 'taxes', 'securities']",[],0.0,0.0
97969,"['credit_card', 'e-account', 'taxes', 'direct_debit', 'long-term_deposits']",[],0.0,0.0
707177,"['current_account', 'e-account', 'direct_debit', 'particular_account', 'payroll']",[],0.0,0.0
145612,"['current_account', 'e-account', 'taxes', 'direct_debit', 'credit_card']",[],0.0,0.0
522251,"['junior_account', 'direct_debit', 'payroll', 'current_account', 'pensions_2']",[],0.0,0.0
39831,"['current_account', 'direct_debit', 'credit_card', 'pensions_2', 'payroll']",[],0.0,0.0
678292,"['current_account', 'particular_plus_account', 'particular_account', 'direct_debit', 'long-term_deposits']",[],0.0,0.0
622378,"['current_account', 'direct_debit', 'taxes', 'e-account', 'payroll']",[],0.0,0.0
239749,"['particular_account', 'mortgage', 'direct_debit', 'payroll_account', 'pensions_2']","['pensions_2', 'payroll']",0.2,0.5
981130,"['current_account', 'direct_debit', 'particular_account', 'pensions_2', 'payroll']",[],0.0,0.0
502454,"['current_account', 'credit_card', 'direct_debit', 'securities', 'e-account']",[],0.0,0.0
254112,"['current_account', 'direct_debit', 'e-account', 'particular_account', 'credit_card']",['direct_debit'],0.2,1.0
1137393,"['payroll_account', 'payroll', 'direct_debit', 'pensions_2', 'credit_card']",[],0.0,0.0
445774,"['current_account', 'long-term_deposits', 'e-account', 'direct_debit', 'payroll']",[],0.0,0.0
1107714,"['current_account', 'long-term_deposits', 'credit_card', 'pensions_2', 'payroll']",[],0.0,0.0
472952,"['current_account', 'direct_debit', 'e-account', 'long-term_deposits', 'particular_plus_account']",[],0.0,0.0
967098,"['current_account', 'payroll', 'pensions_2', 'securities', 'taxes']",[],0.0,0.0
1259614,"['current_account', 'securities', 'e-account', 'payroll', 'pensions_2']",[],0.0,0.0
1180346,"['credit_card', 'e-account', 'payroll_account', 'long-term_deposits', 'taxes']",[],0.0,0.0
188202,"['taxes', 'e-account', 'credit_card', 'particular_account', 'payroll_account']",[],0.0,0.0
805663,"['taxes', 'current_account', 'home_account', 'payroll', 'long-term_deposits']",[],0.0,0.0
1283939,"['current_account', 'direct_debit', 'pensions_2', 'payroll', 'securities']",[],0.0,0.0
1212918,"['current_account', 'pensions_2', 'taxes', 'payroll', 'direct_debit']",[],0.0,0.0
1481398,"['current_account', 'pensions_2', 'payroll', 'direct_debit', 'e-account']",[],0.0,0.0
1239483,"['e-account', 'direct_debit', 'payroll', 'pensions_2', 'particular_account']",[],0.0,0.0
768440,"['current_account', 'direct_debit', 'particular_account', 'long-term_deposits', 'e-account']",[],0.0,0.0
354648,"['current_account', 'particular_account', 'e-account', 'direct_debit', 'taxes']",[],0.0,0.0
1230295,"['credit_card', 'payroll', 'e-account', 'pensions_2', 'direct_debit']",[],0.0,0.0
1486720,"['taxes', 'payroll', 'e-account', 'direct_debit', 'current_account']",[],0.0,0.0
1296404,"['e-account', 'credit_card', 'taxes', 'pensions_2', 'payroll_account']",[],0.0,0.0
1145413,"['current_account', 'payroll', 'pensions_2', 'taxes', 'securities']",[],0.0,0.0
499657,"['current_account', 'particular_plus_account', 'particular_account', 'direct_debit', 'payroll']",[],0.0,0.0
1374857,"['current_account', 'direct_debit', 'particular_plus_account', 'pensions_2', 'payroll']",[],0.0,0.0
162341,"['particular_account', 'funds', 'direct_debit', 'taxes', 'credit_card']",[],0.0,0.0
167664,"['particular_account', 'current_account', 'direct_debit', 'e-account', 'payroll']",[],0.0,0.0
946861,"['payroll', 'taxes', 'e-account', 'long-term_deposits', 'direct_debit']",[],0.0,0.0
898378,"['taxes', 'e-account', 'credit_card', 'payroll_account', 'direct_debit']",[],0.0,0.0
1247602,"['current_account', 'direct_debit', 'pensions_2', 'payroll', 'particular_account']",[],0.0,0.0
495567,"['taxes', 'e-account', 'credit_card', 'payroll_account', 'direct_debit']",[],0.0,0.0
1402862,"['current_account', 'direct_debit', 'payroll', 'e-account', 'particular_account']",[],0.0,0.0
326441,"['taxes', 'e-account', 'particular_account', 'direct_debit', 'credit_card']",[],0.0,0.0
1500656,"['current_account', 'pensions_2', 'payroll', 'direct_debit', 'credit_card']",[],0.0,0.0
670786,"['current_account', 'direct_debit', 'e-account', 'particular_account', 'taxes']",[],0.0,0.0
173368,"['payroll_account', 'payroll', 'pensions_2', 'taxes', 'direct_debit']",[],0.0,0.0
467231,"['e-account', 'funds', 'direct_debit', 'particular_account', 'credit_card']",[],0.0,0.0
857873,"['current_account', 'direct_debit', 'payroll_account', 'funds', 'long-term_deposits']",[],0.0,0.0
1408159,"['current_account', 'e-account', 'funds', 'long-term_deposits', 'payroll']",[],0.0,0.0
1448090,"['current_account', 'e-account', 'securities', 'payroll', 'pensions_2']",[],0.0,0.0
1457873,"['credit_card', 'e-account', 'payroll', 'direct_debit', 'current_account']",[],0.0,0.0
746220,"['taxes', 'e-account', 'payroll', 'particular_account', 'long-term_deposits']",[],0.0,0.0
455139,"['e-account', 'particular_plus_account', 'payroll', 'pensions_2', 'securities']",[],0.0,0.0
1379312,"['junior_account', 'pensions_2', 'payroll', 'securities', 'direct_debit']",[],0.0,0.0
1026939,"['current_account', 'pensions_2', 'payroll', 'taxes', 'particular_plus_account']",[],0.0,0.0
963331,"['current_account', 'payroll', 'long-term_deposits', 'pensions_2', 'taxes']",[],0.0,0.0
1277537,"['current_account', 'pensions_2', 'payroll', 'taxes', 'credit_card']",[],0.0,0.0
1071793,"['current_account', 'direct_debit', 'pensions_2', 'credit_card', 'particular_account']",[],0.0,0.0
1328955,"['current_account', 'direct_debit', 'securities', 'particular_account', 'long-term_deposits']",[],0.0,0.0
53509,"['particular_account', 'direct_debit', 'taxes', 'payroll_account', 'payroll']",[],0.0,0.0
1417458,"['current_account', 'pensions_2', 'payroll', 'direct_debit', 'credit_card']",[],0.0,0.0
978004,"['current_account', 'pensions_2', 'payroll', 'credit_card', 'securities']",[],0.0,0.0
595113,"['credit_card', 'e-account', 'payroll_account', 'taxes', 'direct_debit']",[],0.0,0.0
1310214,"['current_account', 'securities', 'pensions_2', 'payroll', 'taxes']",[],0.0,0.0
1089114,"['current_account', 'payroll', 'pensions_2', 'credit_card', 'long-term_deposits']",[],0.0,0.0
540735,"['current_account', 'direct_debit', 'e-account', 'particular_account', 'particular_plus_account']",[],0.0,0.0
1467032,"['credit_card', 'e-account', 'payroll', 'direct_debit', 'current_account']",[],0.0,0.0
707408,"['taxes', 'e-account', 'credit_card', 'payroll_account', 'particular_account']",[],0.0,0.0
54375,"['particular_account', 'particular_plus_account', 'direct_debit', 'long-term_deposits', 'e-account']",[],0.0,0.0
257395,"['credit_card', 'e-account', 'long-term_deposits', 'taxes', 'payroll_account']",[],0.0,0.0
333342,"['current_account', 'particular_account', 'e-account', 'credit_card', 'particular_plus_account']",[],0.0,0.0
170581,"['current_account', 'particular_account', 'securities', 'direct_debit', 'particular_plus_account']",[],0.0,0.0
1005928,"['taxes', 'e-account', 'credit_card', 'payroll_account', 'particular_account']",[],0.0,0.0
1236093,"['taxes', 'payroll', 'e-account', 'pensions_2', 'credit_card']",[],0.0,0.0
493022,"['credit_card', 'e-account', 'payroll_account', 'particular_plus_account', 'direct_debit']",[],0.0,0.0
46318,"['e-account', 'payroll_account', 'direct_debit', 'pensions', 'long-term_deposits']",[],0.0,0.0
1101454,"['current_account', 'pensions_2', 'payroll', 'credit_card', 'long-term_deposits']",[],0.0,0.0
1208551,"['current_account', 'payroll', 'pensions_2', 'taxes', 'credit_card']",[],0.0,0.0
259189,"['current_account', 'securities', 'e-account', 'direct_debit', 'particular_account']",[],0.0,0.0
689928,"['payroll_account', 'direct_debit', 'particular_plus_account', 'securities', 'particular_account']",[],0.0,0.0
1337436,"['current_account', 'payroll', 'pensions_2', 'securities', 'credit_card']",[],0.0,0.0
1014960,"['credit_card', 'e-account', 'payroll_account', 'taxes', 'direct_debit']",[],0.0,0.0
614036,"['credit_card', 'e-account', 'direct_debit', 'taxes', 'long-term_deposits']",[],0.0,0.0
1471477,"['taxes', 'e-account', 'payroll', 'pensions_2', 'credit_card']",[],0.0,0.0
1446311,"['current_account', 'payroll', 'pensions_2', 'direct_debit', 'credit_card']",[],0.0,0.0
686971,"['credit_card', 'e-account', 'taxes', 'payroll_account', 'long-term_deposits']",[],0.0,0.0
413525,"['current_account', 'particular_account', 'direct_debit', 'e-account', 'taxes']",[],0.0,0.0
1395237,"['current_account', 'securities', 'funds', 'particular_plus_account', 'payroll']",['securities'],0.2,1.0
194886,"['particular_account', 'direct_debit', 'securities', 'e-account', 'current_account']",[],0.0,0.0
984824,"['taxes', 'e-account', 'payroll', 'particular_account', 'direct_debit']",[],0.0,0.0
1220282,"['credit_card', 'e-account', 'direct_debit', 'payroll', 'current_account']",[],0.0,0.0
943802,"['payroll_account', 'long-term_deposits', 'credit_card', 'payroll', 'direct_debit']",[],0.0,0.0
1371373,"['taxes', 'e-account', 'credit_card', 'payroll_account', 'particular_account']",[],0.0,0.0
1300768,"['taxes', 'e-account', 'credit_card', 'direct_debit', 'particular_account']",[],0.0,0.0
927397,"['current_account', 'pensions_2', 'payroll', 'long-term_deposits', 'securities']",[],0.0,0.0
975899,"['current_account', 'pensions_2', 'payroll', 'securities', 'taxes']",[],0.0,0.0
20980,"['credit_card', 'e-account', 'taxes', 'payroll_account', 'direct_debit']",[],0.0,0.0
434735,"['e-account', 'taxes', 'credit_card', 'payroll_account', 'particular_account']",[],0.0,0.0
1205317,"['credit_card', 'e-account', 'direct_debit', 'current_account', 'particular_account']",[],0.0,0.0
559127,"['direct_debit', 'funds', 'particular_plus_account', 'taxes', 'payroll']",[],0.0,0.0
995095,"['current_account', 'direct_debit', 'pensions_2', 'payroll', 'long-term_deposits']",[],0.0,0.0
31019,"['particular_account', 'payroll_account', 'direct_debit', 'pensions_2', 'payroll']",['direct_debit'],0.2,1.0
1196044,"['current_account', 'pensions_2', 'direct_debit', 'payroll', 'e-account']",[],0.0,0.0
1071828,"['e-account', 'direct_debit', 'particular_account', 'pensions_2', 'payroll']",[],0.0,0.0
1488365,"['credit_card', 'e-account', 'payroll', 'long-term_deposits', 'direct_debit']",[],0.0,0.0
71489,"['current_account', 'taxes', 'direct_debit', 'credit_card', 'pensions_2']",[],0.0,0.0
730087,"['e-account', 'payroll_account', 'direct_debit', 'payroll', 'pensions_2']",[],0.0,0.0
1060245,"['credit_card', 'payroll', 'e-account', 'pensions_2', 'direct_debit']",[],0.0,0.0
23099,"['taxes', 'e-account', 'credit_card', 'particular_account', 'payroll_account']",[],0.0,0.0
1400398,"['current_account', 'pensions_2', 'payroll', 'direct_debit', 'particular_plus_account']",[],0.0,0.0
912951,"['credit_card', 'e-account', 'payroll_account', 'taxes', 'long-term_deposits']",[],0.0,0.0
523278,"['current_account', 'direct_debit', 'particular_account', 'credit_card', 'payroll_account']",[],0.0,0.0
595498,"['current_account', 'direct_debit', 'particular_plus_account', 'pensions_2', 'payroll']",[],0.0,0.0
264007,"['e-account', 'long-term_deposits', 'direct_debit', 'payroll', 'pensions_2']",[],0.0,0.0
1323557,"['current_account', 'pensions_2', 'payroll', 'securities', 'taxes']",[],0.0,0.0
1522657,"['payroll', 'e-account', 'direct_debit', 'pensions_2', 'long-term_deposits']",[],0.0,0.0
1187940,"['current_account', 'e-account', 'particular_account', 'credit_card', 'payroll_account']",[],0.0,0.0
1337902,"['current_account', 'pensions_2', 'payroll', 'direct_debit', 'credit_card']",[],0.0,0.0
697278,"['current_account', 'e-account', 'direct_debit', 'particular_account', 'credit_card']",[],0.0,0.0
1211688,"['current_account', 'payroll', 'taxes', 'pensions_2', 'e-account']",[],0.0,0.0
1275608,"['current_account', 'pensions_2', 'payroll', 'direct_debit', 'securities']",[],0.0,0.0
1483499,"['e-account', 'taxes', 'long-term_deposits', 'payroll', 'credit_card']",[],0.0,0.0
719548,"['taxes', 'e-account', 'credit_card', 'payroll_account', 'particular_account']",[],0.0,0.0
871450,"['particular_plus_account', 'direct_debit', 'particular_account', 'long-term_deposits', 'e-account']",[],0.0,0.0
380892,"['e-account', 'direct_debit', 'payroll', 'pensions_2', 'credit_card']",['credit_card'],0.2,1.0
1374536,"['taxes', 'e-account', 'securities', 'funds', 'direct_debit']",[],0.0,0.0
1495676,"['payroll', 'long-term_deposits', 'taxes', 'e-account', 'particular_account']",[],0.0,0.0
451692,"['junior_account', 'payroll', 'direct_debit', 'pensions_2', 'taxes']",[],0.0,0.0
754108,"['current_account', 'direct_debit', 'e-account', 'particular_account', 'taxes']",[],0.0,0.0
602408,"['current_account', 'direct_debit', 'payroll', 'long-term_deposits', 'e-account']",[],0.0,0.0
804976,"['current_account', 'direct_debit', 'taxes', 'particular_plus_account', 'e-account']",[],0.0,0.0
421644,"['current_account', 'particular_account', 'direct_debit', 'e-account', 'payroll_account']",[],0.0,0.0
792370,"['current_account', 'direct_debit', 'e-account', 'particular_account', 'taxes']",[],0.0,0.0
475894,"['current_account', 'direct_debit', 'e-account', 'particular_account', 'payroll_account']",[],0.0,0.0
54803,"['taxes', 'e-account', 'credit_card', 'payroll', 'payroll_account']",[],0.0,0.0
304474,"['particular_account', 'direct_debit', 'e-account', 'taxes', 'pensions_2']",[],0.0,0.0
492216,"['taxes', 'direct_debit', 'e-account', 'particular_account', 'current_account']",[],0.0,0.0
1289816,"['current_account', 'pensions_2', 'payroll', 'taxes', 'long-term_deposits']",[],0.0,0.0
939926,"['current_account', 'pensions_2', 'credit_card', 'securities', 'payroll']",[],0.0,0.0
1056329,"['current_account', 'pensions_2', 'payroll', 'credit_card', 'direct_debit']",[],0.0,0.0
1462290,"['taxes', 'e-account', 'payroll', 'direct_debit', 'current_account']",[],0.0,0.0
1467680,"['credit_card', 'e-account', 'payroll', 'direct_debit', 'current_account']",[],0.0,0.0
1492618,"['current_account', 'pensions_2', 'taxes', 'payroll', 'e-account']",[],0.0,0.0
1039138,"['credit_card', 'e-account', 'taxes', 'payroll_account', 'long-term_deposits']",[],0.0,0.0
365805,"['long-term_deposits', 'current_account', 'e-account', 'taxes', 'payroll']",[],0.0,0.0
1274956,"['taxes', 'e-account', 'payroll', 'direct_debit', 'current_account']",[],0.0,0.0
151095,"['current_account', 'e-account', 'funds', 'direct_debit', 'credit_card']",[],0.0,0.0
713669,"['current_account', 'direct_debit', 'e-account', 'particular_account', 'long-term_deposits']",[],0.0,0.0
577294,"['taxes', 'e-account', 'credit_card', 'direct_debit', 'particular_account']",[],0.0,0.0
1502792,"['current_account', 'securities', 'pensions_2', 'direct_debit', 'credit_card']",[],0.0,0.0
119045,"['current_account', 'particular_account', 'direct_debit', 'taxes', 'credit_card']",['credit_card'],0.2,1.0
1121876,"['funds', 'long-term_deposits', 'direct_debit', 'taxes', 'payroll']",[],0.0,0.0
975265,"['current_account', 'direct_debit', 'pensions_2', 'payroll', 'particular_account']",[],0.0,0.0
396412,"['particular_account', 'particular_plus_account', 'long-term_deposits', 'pensions_2', 'payroll']",[],0.0,0.0
1115713,"['taxes', 'payroll', 'e-account', 'direct_debit', 'current_account']",[],0.0,0.0
759295,"['current_account', 'direct_debit', 'e-account', 'particular_account', 'taxes']",[],0.0,0.0
1508918,"['current_account', 'credit_card', 'securities', 'direct_debit', 'pensions_2']",[],0.0,0.0
1426902,"['current_account', 'pensions_2', 'payroll', 'direct_debit', 'securities']",[],0.0,0.0
1218270,"['payroll_account', 'pensions_2', 'payroll', 'direct_debit', 'e-account']",[],0.0,0.0
71252,"['current_account', 'pensions_2', 'credit_card', 'taxes', 'payroll']",[],0.0,0.0
502868,"['current_account', 'direct_debit', 'particular_plus_account', 'pensions_2', 'particular_account']",[],0.0,0.0
1497075,"['current_account', 'pensions_2', 'payroll', 'credit_card', 'direct_debit']",[],0.0,0.0
152318,"['current_account', 'particular_account', 'credit_card', 'direct_debit', 'pensions_2']",[],0.0,0.0
1411296,"['current_account', 'pensions_2', 'payroll', 'direct_debit', 'long-term_deposits']",[],0.0,0.0
1457857,"['credit_card', 'payroll', 'e-account', 'pensions_2', 'direct_debit']",[],0.0,0.0
255303,"['mortgage', 'direct_debit', 'payroll', 'pensions_2', 'payroll_account']",[],0.0,0.0
968181,"['current_account', 'direct_debit', 'payroll', 'pensions_2', 'securities']",[],0.0,0.0
1329164,"['current_account', 'direct_debit', 'credit_card', 'securities', 'pensions_2']",[],0.0,0.0
1359389,"['taxes', 'e-account', 'payroll', 'direct_debit', 'current_account']",[],0.0,0.0
1191129,"['taxes', 'payroll', 'e-account', 'pensions_2', 'credit_card']",[],0.0,0.0
902249,"['current_account', 'más_particular_account', 'taxes', 'direct_debit', 'payroll']",[],0.0,0.0
347371,"['taxes', 'e-account', 'credit_card', 'payroll_account', 'payroll']",[],0.0,0.0
1332286,"['current_account', 'pensions_2', 'payroll', 'direct_debit', 'securities']",[],0.0,0.0
1143722,"['current_account', 'credit_card', 'securities', 'pensions_2', 'payroll']",[],0.0,0.0
888909,"['current_account', 'e-account', 'más_particular_account', 'direct_debit', 'payroll']",[],0.0,0.0
1237082,"['taxes', 'e-account', 'credit_card', 'payroll_account', 'long-term_deposits']",[],0.0,0.0
305563,"['taxes', 'e-account', 'credit_card', 'payroll_account', 'direct_debit']",[],0.0,0.0
1495706,"['current_account', 'direct_debit', 'payroll', 'long-term_deposits', 'credit_card']",[],0.0,0.0
659329,"['current_account', 'e-account', 'long-term_deposits', 'pensions_2', 'payroll']",[],0.0,0.0
993174,"['current_account', 'pensions_2', 'payroll', 'long-term_deposits', 'securities']",[],0.0,0.0
437666,"['current_account', 'direct_debit', 'e-account', 'payroll', 'pensions_2']",[],0.0,0.0
910109,"['más_particular_account', 'direct_debit', 'securities', 'e-account', 'particular_account']",[],0.0,0.0
292989,"['funds', 'securities', 'particular_account', 'credit_card', 'payroll_account']",['direct_debit'],0.0,0.0
629430,"['current_account', 'particular_account', 'particular_plus_account', 'e-account', 'payroll']",[],0.0,0.0
480704,"['credit_card', 'direct_debit', 'particular_account', 'taxes', 'e-account']",[],0.0,0.0
1153234,"['current_account', 'securities', 'pensions_2', 'payroll', 'taxes']",[],0.0,0.0
999293,"['current_account', 'pensions_2', 'payroll', 'direct_debit', 'particular_plus_account']",[],0.0,0.0
965811,"['current_account', 'payroll', 'securities', 'direct_debit', 'pensions_2']",[],0.0,0.0
1084638,"['current_account', 'long-term_deposits', 'pensions_2', 'payroll', 'credit_card']",[],0.0,0.0
173163,"['taxes', 'e-account', 'credit_card', 'payroll_account', 'particular_account']",[],0.0,0.0
1498488,"['taxes', 'e-account', 'payroll', 'long-term_deposits', 'direct_debit']",[],0.0,0.0
482157,"['current_account', 'direct_debit', 'particular_plus_account', 'particular_account', 'credit_card']",[],0.0,0.0
355938,"['current_account', 'securities', 'pensions_2', 'payroll', 'direct_debit']",[],0.0,0.0
984781,"['e-account', 'current_account', 'direct_debit', 'payroll', 'pensions_2']",[],0.0,0.0
691652,"['current_account', 'e-account', 'particular_account', 'direct_debit', 'payroll_account']",[],0.0,0.0
739913,"['taxes', 'e-account', 'credit_card', 'payroll_account', 'long-term_deposits']",[],0.0,0.0
516568,"['current_account', 'taxes', 'particular_account', 'pensions', 'securities']",[],0.0,0.0
1041394,"['current_account', 'pensions_2', 'payroll', 'direct_debit', 'long-term_deposits']",[],0.0,0.0
959093,"['current_account', 'taxes', 'long-term_deposits', 'e-account', 'direct_debit']",[],0.0,0.0
1172890,"['current_account', 'e-account', 'payroll', 'pensions_2', 'credit_card']",[],0.0,0.0
268903,"['current_account', 'e-account', 'particular_account', 'direct_debit', 'taxes']",[],0.0,0.0
1014582,"['payroll', 'pensions_2', 'e-account', 'payroll_account', 'direct_debit']",[],0.0,0.0
72462,"['current_account', 'long-term_deposits', 'particular_plus_account', 'taxes', 'pensions_2']",[],0.0,0.0
891638,"['junior_account', 'pensions_2', 'payroll', 'taxes', 'direct_debit']",[],0.0,0.0
1253207,"['current_account', 'e-account', 'direct_debit', 'credit_card', 'taxes']",[],0.0,0.0
1434070,"['current_account', 'credit_card', 'direct_debit', 'taxes', 'pensions_2']",[],0.0,0.0
674019,"['current_account', 'taxes', 'direct_debit', 'particular_account', 'e-account']",[],0.0,0.0
1097537,"['current_account', 'pensions_2', 'payroll', 'taxes', 'credit_card']",[],0.0,0.0
1081837,"['taxes', 'e-account', 'payroll', 'pensions_2', 'credit_card']",[],0.0,0.0
1027811,"['current_account', 'payroll', 'pensions_2', 'securities', 'direct_debit']",[],0.0,0.0
916225,"['current_account', 'taxes', 'credit_card', 'particular_account', 'direct_debit']",[],0.0,0.0
1173511,"['current_account', 'e-account', 'payroll', 'credit_card', 'taxes']",[],0.0,0.0
1005895,"['current_account', 'payroll', 'pensions_2', 'particular_plus_account', 'long-term_deposits']",[],0.0,0.0
411113,"['current_account', 'particular_account', 'direct_debit', 'payroll_account', 'e-account']",[],0.0,0.0
25036,"['current_account', 'taxes', 'direct_debit', 'particular_account', 'e-account']",[],0.0,0.0
1410494,"['current_account', 'pensions_2', 'payroll', 'taxes', 'securities']",[],0.0,0.0
1300769,"['current_account', 'securities', 'direct_debit', 'pensions_2', 'payroll']",[],0.0,0.0
1481658,"['taxes', 'e-account', 'payroll', 'direct_debit', 'current_account']",[],0.0,0.0
1024835,"['current_account', 'payroll', 'securities', 'e-account', 'long-term_deposits']",[],0.0,0.0
1051535,"['credit_card', 'pensions_2', 'e-account', 'payroll', 'securities']",[],0.0,0.0
103813,"['current_account', 'taxes', 'e-account', 'direct_debit', 'long-term_deposits']",[],0.0,0.0
1384874,"['current_account', 'direct_debit', 'e-account', 'particular_account', 'taxes']",[],0.0,0.0
1275570,"['current_account', 'pensions_2', 'payroll', 'direct_debit', 'credit_card']",[],0.0,0.0
1002067,"['current_account', 'e-account', 'direct_debit', 'taxes', 'credit_card']",[],0.0,0.0
1204932,"['payroll_account', 'pensions_2', 'payroll', 'e-account', 'taxes']",[],0.0,0.0
48803,"['taxes', 'e-account', 'credit_card', 'payroll', 'particular_account']",[],0.0,0.0
1279127,"['current_account', 'pensions_2', 'payroll', 'direct_debit', 'securities']",[],0.0,0.0
1158915,"['current_account', 'pensions_2', 'payroll', 'direct_debit', 'securities']",[],0.0,0.0
1151499,"['current_account', 'direct_debit', 'pensions_2', 'payroll', 'taxes']",[],0.0,0.0
257481,"['taxes', 'e-account', 'credit_card', 'direct_debit', 'particular_account']",[],0.0,0.0
148662,"['current_account', 'particular_plus_account', 'direct_debit', 'credit_card', 'long-term_deposits']",['credit_card'],0.2,1.0
1099337,"['current_account', 'payroll', 'pensions_2', 'taxes', 'direct_debit']",[],0.0,0.0
1022307,"['current_account', 'securities', 'pensions_2', 'payroll', 'taxes']",[],0.0,0.0
84944,"['taxes', 'e-account', 'credit_card', 'payroll_account', 'pensions_2']",[],0.0,0.0
1263425,"['current_account', 'payroll', 'credit_card', 'direct_debit', 'pensions_2']",[],0.0,0.0
404739,"['particular_account', 'e-account', 'taxes', 'credit_card', 'payroll_account']",[],0.0,0.0
1060902,"['current_account', 'payroll', 'particular_plus_account', 'direct_debit', 'credit_card']",[],0.0,0.0
1037055,"['credit_card', 'e-account', 'payroll', 'direct_debit', 'current_account']",[],0.0,0.0
1244708,"['current_account', 'credit_card', 'e-account', 'direct_debit', 'payroll']",[],0.0,0.0
1242717,"['taxes', 'e-account', 'credit_card', 'direct_debit', 'particular_account']",[],0.0,0.0
1155992,"['current_account', 'pensions_2', 'payroll', 'taxes', 'e-account']",[],0.0,0.0
622310,"['current_account', 'e-account', 'direct_debit', 'particular_account', 'taxes']",[],0.0,0.0
518166,"['taxes', 'e-account', 'credit_card', 'payroll_account', 'payroll']",[],0.0,0.0
1267728,"['current_account', 'e-account', 'particular_account', 'pensions_2', 'taxes']",[],0.0,0.0
1320284,"['current_account', 'credit_card', 'pensions_2', 'payroll', 'securities']",[],0.0,0.0
926727,"['payroll_account', 'credit_card', 'particular_plus_account', 'long-term_deposits', 'direct_debit']",[],0.0,0.0
329460,"['taxes', 'e-account', 'credit_card', 'payroll_account', 'long-term_deposits']",[],0.0,0.0
240058,"['securities', 'particular_account', 'current_account', 'credit_card', 'direct_debit']",[],0.0,0.0
1463917,"['current_account', 'pensions_2', 'payroll', 'securities', 'direct_debit']",[],0.0,0.0
1425455,"['current_account', 'pensions_2', 'payroll', 'taxes', 'direct_debit']",[],0.0,0.0
1481224,"['taxes', 'e-account', 'payroll', 'direct_debit', 'current_account']",[],0.0,0.0
398506,"['current_account', 'particular_account', 'e-account', 'direct_debit', 'taxes']",[],0.0,0.0
360981,"['current_account', 'particular_account', 'long-term_deposits', 'direct_debit', 'credit_card']",[],0.0,0.0
709706,"['current_account', 'long-term_deposits', 'taxes', 'direct_debit', 'e-account']",[],0.0,0.0
997425,"['current_account', 'e-account', 'direct_debit', 'securities', 'taxes']",[],0.0,0.0
587533,"['particular_account', 'direct_debit', 'taxes', 'e-account', 'payroll']",[],0.0,0.0
1162278,"['taxes', 'payroll', 'e-account', 'direct_debit', 'pensions_2']",[],0.0,0.0
357371,"['current_account', 'particular_account', 'direct_debit', 'e-account', 'credit_card']",[],0.0,0.0
1136733,"['payroll_account', 'direct_debit', 'payroll', 'particular_account', 'pensions_2']",[],0.0,0.0
355869,"['e-account', 'direct_debit', 'particular_account', 'long-term_deposits', 'taxes']",[],0.0,0.0
1406836,"['current_account', 'taxes', 'securities', 'pensions_2', 'payroll']",[],0.0,0.0
1013524,"['current_account', 'long-term_deposits', 'direct_debit', 'pensions_2', 'payroll']",[],0.0,0.0
1414635,"['current_account', 'securities', 'e-account', 'direct_debit', 'payroll']",[],0.0,0.0
22212,"['current_account', 'taxes', 'payroll_account', 'e-account', 'direct_debit']",['taxes'],0.2,1.0
930369,"['current_account', 'credit_card', 'securities', 'pensions_2', 'payroll']",[],0.0,0.0
1299847,"['current_account', 'pensions_2', 'payroll', 'e-account', 'direct_debit']",[],0.0,0.0
116006,"['current_account', 'direct_debit', 'taxes', 'particular_account', 'e-account']",[],0.0,0.0
337783,"['direct_debit', 'e-account', 'payroll_account', 'particular_plus_account', 'long-term_deposits']",[],0.0,0.0
1227136,"['current_account', 'direct_debit', 'particular_account', 'credit_card', 'e-account']",[],0.0,0.0
787556,"['current_account', 'direct_debit', 'particular_account', 'e-account', 'credit_card']",[],0.0,0.0
979704,"['taxes', 'payroll', 'e-account', 'direct_debit', 'pensions_2']",[],0.0,0.0
1041996,"['current_account', 'payroll', 'pensions_2', 'direct_debit', 'credit_card']",[],0.0,0.0
1415897,"['current_account', 'pensions_2', 'direct_debit', 'payroll', 'e-account']",[],0.0,0.0
1153569,"['current_account', 'taxes', 'e-account', 'direct_debit', 'credit_card']",[],0.0,0.0
1069280,"['payroll', 'taxes', 'e-account', 'pensions_2', 'direct_debit']",[],0.0,0.0
429295,"['current_account', 'direct_debit', 'e-account', 'particular_account', 'payroll']",[],0.0,0.0
614887,"['particular_account', 'direct_debit', 'e-account', 'credit_card', 'taxes']",[],0.0,0.0
306781,"['e-account', 'particular_account', 'direct_debit', 'payroll', 'pensions_2']",[],0.0,0.0
1448535,"['current_account', 'payroll_account', 'direct_debit', 'credit_card', 'pensions_2']",[],0.0,0.0
1289796,"['credit_card', 'e-account', 'payroll', 'direct_debit', 'current_account']",[],0.0,0.0
1196476,"['taxes', 'pensions_2', 'direct_debit', 'particular_plus_account', 'e-account']",[],0.0,0.0
601760,"['current_account', 'direct_debit', 'e-account', 'particular_account', 'taxes']",[],0.0,0.0
952979,"['current_account', 'taxes', 'pensions_2', 'credit_card', 'long-term_deposits']",[],0.0,0.0
1049162,"['current_account', 'pensions_2', 'payroll', 'long-term_deposits', 'taxes']",[],0.0,0.0
548153,"['current_account', 'direct_debit', 'e-account', 'pensions_2', 'particular_plus_account']",[],0.0,0.0
1386145,"['current_account', 'payroll', 'pensions_2', 'securities', 'direct_debit']",[],0.0,0.0
985225,"['current_account', 'pensions_2', 'payroll', 'taxes', 'credit_card']",[],0.0,0.0
1466175,"['taxes', 'e-account', 'payroll', 'direct_debit', 'current_account']",[],0.0,0.0
1393400,"['junior_account', 'pensions_2', 'taxes', 'payroll', 'direct_debit']",[],0.0,0.0
690354,"['current_account', 'taxes', 'direct_debit', 'pensions_2', 'payroll']",[],0.0,0.0
629420,"['taxes', 'e-account', 'credit_card', 'direct_debit', 'payroll_account']",[],0.0,0.0
1331462,"['current_account', 'e-account', 'payroll', 'pensions_2', 'securities']",[],0.0,0.0
1187514,"['credit_card', 'e-account', 'taxes', 'payroll_account', 'payroll']",[],0.0,0.0
988276,"['taxes', 'payroll', 'e-account', 'pensions_2', 'direct_debit']",[],0.0,0.0
761860,"['current_account', 'direct_debit', 'e-account', 'payroll_account', 'particular_account']",[],0.0,0.0
1278511,"['current_account', 'direct_debit', 'pensions_2', 'payroll', 'e-account']",[],0.0,0.0
766413,"['long-term_deposits', 'current_account', 'e-account', 'credit_card', 'direct_debit']",[],0.0,0.0
272986,"['current_account', 'particular_account', 'direct_debit', 'pensions_2', 'payroll']",[],0.0,0.0
953627,"['credit_card', 'payroll', 'e-account', 'pensions_2', 'direct_debit']",[],0.0,0.0
1144406,"['current_account', 'pensions_2', 'payroll', 'direct_debit', 'e-account']",[],0.0,0.0
1218813,"['current_account', 'securities', 'e-account', 'direct_debit', 'credit_card']",['e-account'],0.2,1.0
1229839,"['taxes', 'payroll', 'e-account', 'direct_debit', 'pensions_2']",[],0.0,0.0
1018423,"['taxes', 'e-account', 'payroll', 'pensions_2', 'particular_account']",[],0.0,0.0
249999,"['current_account', 'direct_debit', 'más_particular_account', 'taxes', 'securities']",[],0.0,0.0
643138,"['current_account', 'e-account', 'particular_account', 'taxes', 'payroll']",[],0.0,0.0
666449,"['current_account', 'direct_debit', 'taxes', 'e-account', 'particular_account']",[],0.0,0.0
1254375,"['taxes', 'e-account', 'credit_card', 'payroll_account', 'payroll']",[],0.0,0.0
1229126,"['current_account', 'pensions_2', 'payroll', 'direct_debit', 'e-account']",[],0.0,0.0
930779,"['current_account', 'pensions_2', 'payroll', 'direct_debit', 'taxes']",[],0.0,0.0
1104794,"['payroll_account', 'pensions_2', 'payroll', 'direct_debit', 'credit_card']",[],0.0,0.0
114620,"['current_account', 'particular_account', 'payroll_account', 'taxes', 'direct_debit']",[],0.0,0.0
270803,"['particular_account', 'direct_debit', 'e-account', 'taxes', 'payroll_account']",[],0.0,0.0
1121993,"['current_account', 'direct_debit', 'pensions_2', 'e-account', 'credit_card']",[],0.0,0.0
966632,"['current_account', 'pensions_2', 'credit_card', 'payroll', 'taxes']",[],0.0,0.0
1171570,"['credit_card', 'payroll', 'e-account', 'pensions_2', 'direct_debit']",[],0.0,0.0
1331656,"['current_account', 'pensions_2', 'payroll', 'taxes', 'e-account']",[],0.0,0.0
317764,"['particular_account', 'e-account', 'payroll', 'pensions_2', 'taxes']",[],0.0,0.0
227928,"['taxes', 'e-account', 'credit_card', 'payroll_account', 'particular_account']",[],0.0,0.0
1257815,"['current_account', 'credit_card', 'particular_account', 'e-account', 'direct_debit']",[],0.0,0.0
279430,"['credit_card', 'e-account', 'taxes', 'payroll_account', 'long-term_deposits']",[],0.0,0.0
1141604,"['current_account', 'pensions_2', 'securities', 'long-term_deposits', 'payroll']",[],0.0,0.0
1412920,"['taxes', 'payroll', 'e-account', 'direct_debit', 'current_account']",[],0.0,0.0
1097154,"['current_account', 'direct_debit', 'payroll_account', 'credit_card', 'particular_account']",[],0.0,0.0
1217513,"['taxes', 'e-account', 'payroll', 'pensions_2', 'credit_card']",[],0.0,0.0
1032201,"['current_account', 'taxes', 'direct_debit', 'pensions_2', 'payroll']",[],0.0,0.0
1471587,"['taxes', 'payroll', 'e-account', 'direct_debit', 'current_account']",[],0.0,0.0
604830,"['taxes', 'e-account', 'credit_card', 'payroll_account', 'long-term_deposits']",[],0.0,0.0
1058913,"['current_account', 'pensions_2', 'payroll', 'taxes', 'credit_card']",[],0.0,0.0
1025858,"['current_account', 'pensions_2', 'payroll', 'direct_debit', 'securities']",[],0.0,0.0
397746,"['particular_account', 'direct_debit', 'credit_card', 'pensions_2', 'taxes']",[],0.0,0.0
205202,"['current_account', 'direct_debit', 'credit_card', 'long-term_deposits', 'pensions_2']",[],0.0,0.0
926239,"['current_account', 'long-term_deposits', 'pensions_2', 'payroll', 'direct_debit']",[],0.0,0.0
579275,"['particular_account', 'e-account', 'direct_debit', 'taxes', 'credit_card']",[],0.0,0.0
487848,"['current_account', 'e-account', 'particular_plus_account', 'long-term_deposits', 'credit_card']",[],0.0,0.0
1434965,"['current_account', 'direct_debit', 'taxes', 'payroll_account', 'e-account']",[],0.0,0.0
291429,"['credit_card', 'e-account', 'taxes', 'payroll_account', 'direct_debit']",[],0.0,0.0
55746,"['current_account', 'direct_debit', 'taxes', 'credit_card', 'e-account']",['pensions_2'],0.0,0.0
56226,"['e-account', 'payroll_account', 'direct_debit', 'pensions_2', 'payroll']",[],0.0,0.0
1147312,"['current_account', 'payroll', 'credit_card', 'pensions_2', 'securities']",[],0.0,0.0
951176,"['current_account', 'securities', 'payroll', 'pensions_2', 'taxes']",[],0.0,0.0
450647,"['taxes', 'e-account', 'credit_card', 'payroll_account', 'payroll']",[],0.0,0.0
1066878,"['current_account', 'pensions_2', 'payroll', 'credit_card', 'direct_debit']",[],0.0,0.0
1433226,"['taxes', 'e-account', 'credit_card', 'long-term_deposits', 'payroll_account']",[],0.0,0.0
556498,"['taxes', 'e-account', 'credit_card', 'payroll_account', 'payroll']",[],0.0,0.0
1346315,"['credit_card', 'e-account', 'payroll', 'direct_debit', 'pensions_2']",[],0.0,0.0
360919,"['current_account', 'particular_account', 'funds', 'taxes', 'payroll']","['pensions_2', 'payroll']",0.2,0.5
934062,"['current_account', 'long-term_deposits', 'pensions_2', 'payroll', 'credit_card']",[],0.0,0.0
71682,"['funds', 'current_account', 'direct_debit', 'e-account', 'credit_card']",[],0.0,0.0
737556,"['current_account', 'particular_account', 'particular_plus_account', 'securities', 'direct_debit']",[],0.0,0.0
1365234,"['current_account', 'payroll', 'taxes', 'pensions_2', 'direct_debit']",[],0.0,0.0
805573,"['payroll', 'taxes', 'e-account', 'long-term_deposits', 'direct_debit']",[],0.0,0.0
832908,"['credit_card', 'e-account', 'payroll', 'direct_debit', 'pensions_2']",[],0.0,0.0
697715,"['current_account', 'particular_account', 'pensions_2', 'payroll', 'credit_card']",[],0.0,0.0
18729,"['credit_card', 'e-account', 'taxes', 'payroll', 'pensions_2']",[],0.0,0.0
104560,"['current_account', 'particular_plus_account', 'payroll_account', 'e-account', 'taxes']",['credit_card'],0.0,0.0
1121609,"['direct_debit', 'payroll_account', 'pensions_2', 'payroll', 'long-term_deposits']",[],0.0,0.0
661882,"['current_account', 'particular_plus_account', 'credit_card', 'payroll_account', 'long-term_deposits']",[],0.0,0.0
193048,"['current_account', 'e-account', 'taxes', 'particular_plus_account', 'pensions_2']",[],0.0,0.0
974914,"['current_account', 'pensions_2', 'payroll', 'direct_debit', 'particular_plus_account']",[],0.0,0.0
410726,"['current_account', 'particular_account', 'e-account', 'direct_debit', 'credit_card']",[],0.0,0.0
1467575,"['current_account', 'payroll', 'securities', 'pensions_2', 'e-account']",[],0.0,0.0
159225,"['current_account', 'particular_account', 'e-account', 'credit_card', 'payroll']",[],0.0,0.0
1236873,"['current_account', 'payroll', 'pensions_2', 'e-account', 'direct_debit']",[],0.0,0.0
1059989,"['current_account', 'pensions_2', 'credit_card', 'payroll', 'securities']",[],0.0,0.0
129117,"['credit_card', 'e-account', 'long-term_deposits', 'taxes', 'payroll_account']",[],0.0,0.0
1078899,"['current_account', 'credit_card', 'pensions_2', 'taxes', 'payroll']",[],0.0,0.0
1275252,"['credit_card', 'e-account', 'taxes', 'direct_debit', 'payroll_account']",[],0.0,0.0
1224056,"['current_account', 'pensions_2', 'payroll', 'direct_debit', 'e-account']",[],0.0,0.0
1113853,"['current_account', 'e-account', 'direct_debit', 'pensions_2', 'payroll']",[],0.0,0.0
577925,"['current_account', 'particular_plus_account', 'e-account', 'direct_debit', 'payroll']",[],0.0,0.0
134515,"['direct_debit', 'mortgage', 'pensions_2', 'credit_card', 'payroll']",[],0.0,0.0
1408849,"['current_account', 'pensions_2', 'payroll', 'e-account', 'securities']",[],0.0,0.0
147903,"['current_account', 'particular_account', 'e-account', 'direct_debit', 'credit_card']",[],0.0,0.0
388693,"['taxes', 'payroll_account', 'mortgage', 'direct_debit', 'payroll']",[],0.0,0.0
490526,"['current_account', 'particular_account', 'e-account', 'particular_plus_account', 'credit_card']",[],0.0,0.0
147542,"['current_account', 'direct_debit', 'credit_card', 'payroll', 'e-account']",[],0.0,0.0
764110,"['payroll_account', 'payroll', 'pensions_2', 'e-account', 'taxes']","['pensions_2', 'payroll']",0.4,1.0
929595,"['current_account', 'payroll', 'pensions_2', 'credit_card', 'direct_debit']",[],0.0,0.0
1000375,"['current_account', 'direct_debit', 'pensions_2', 'e-account', 'particular_account']",[],0.0,0.0
1413053,"['current_account', 'taxes', 'direct_debit', 'securities', 'pensions_2']",[],0.0,0.0
848597,"['current_account', 'e-account', 'pensions_2', 'particular_account', 'payroll']",[],0.0,0.0
692701,"['current_account', 'securities', 'pensions_2', 'payroll', 'e-account']",[],0.0,0.0
1284008,"['current_account', 'pensions_2', 'payroll', 'direct_debit', 'e-account']",[],0.0,0.0
702182,"['taxes', 'e-account', 'credit_card', 'payroll', 'payroll_account']",[],0.0,0.0
1332889,"['current_account', 'payroll', 'pensions_2', 'direct_debit', 'e-account']",[],0.0,0.0
1419416,"['current_account', 'pensions_2', 'credit_card', 'payroll', 'securities']",[],0.0,0.0
666756,"['current_account', 'direct_debit', 'credit_card', 'e-account', 'particular_account']",[],0.0,0.0
150426,"['current_account', 'payroll', 'credit_card', 'direct_debit', 'e-account']",[],0.0,0.0
1047344,"['current_account', 'pensions_2', 'securities', 'payroll', 'credit_card']",[],0.0,0.0
978424,"['current_account', 'pensions_2', 'payroll', 'credit_card', 'long-term_deposits']",[],0.0,0.0
1527817,"['current_account', 'payroll', 'pensions_2', 'credit_card', 'e-account']","['pensions_2', 'payroll']",0.4,1.0
506976,"['taxes', 'e-account', 'credit_card', 'payroll_account', 'particular_account']",[],0.0,0.0
554591,"['particular_account', 'pensions_2', 'long-term_deposits', 'payroll', 'e-account']",[],0.0,0.0
217031,"['current_account', 'long-term_deposits', 'direct_debit', 'particular_account', 'e-account']",[],0.0,0.0
530122,"['taxes', 'e-account', 'credit_card', 'payroll', 'payroll_account']",[],0.0,0.0
818489,"['particular_plus_account', 'direct_debit', 'taxes', 'e-account', 'payroll_account']",[],0.0,0.0
1273993,"['credit_card', 'e-account', 'payroll', 'direct_debit', 'taxes']",[],0.0,0.0
1454061,"['current_account', 'pensions_2', 'payroll', 'securities', 'direct_debit']",[],0.0,0.0
500995,"['current_account', 'pensions_2', 'payroll', 'direct_debit', 'taxes']",[],0.0,0.0
1043377,"['current_account', 'pensions_2', 'taxes', 'payroll', 'e-account']",[],0.0,0.0
475611,"['payroll_account', 'pensions_2', 'payroll', 'taxes', 'direct_debit']",[],0.0,0.0
267842,"['current_account', 'particular_account', 'e-account', 'direct_debit', 'taxes']",[],0.0,0.0
799234,"['current_account', 'direct_debit', 'taxes', 'e-account', 'particular_account']",[],0.0,0.0
442561,"['taxes', 'e-account', 'credit_card', 'payroll_account', 'payroll']",[],0.0,0.0
450137,"['current_account', 'particular_plus_account', 'securities', 'credit_card', 'e-account']",[],0.0,0.0
187706,"['taxes', 'e-account', 'credit_card', 'payroll', 'pensions_2']",[],0.0,0.0
1084315,"['current_account', 'taxes', 'pensions_2', 'payroll', 'direct_debit']",[],0.0,0.0
1207511,"['current_account', 'pensions_2', 'payroll', 'e-account', 'direct_debit']",[],0.0,0.0
767756,"['current_account', 'direct_debit', 'e-account', 'particular_account', 'credit_card']",[],0.0,0.0
1270102,"['current_account', 'credit_card', 'securities', 'pensions_2', 'payroll']",[],0.0,0.0
1287266,"['current_account', 'taxes', 'direct_debit', 'e-account', 'payroll']",[],0.0,0.0
1428467,"['current_account', 'pensions_2', 'particular_plus_account', 'payroll', 'direct_debit']",[],0.0,0.0
581575,"['taxes', 'particular_plus_account', 'current_account', 'pensions_2', 'payroll']",[],0.0,0.0
1516565,"['current_account', 'direct_debit', 'particular_account', 'taxes', 'pensions_2']",['direct_debit'],0.2,1.0
701378,"['credit_card', 'e-account', 'direct_debit', 'taxes', 'payroll']",[],0.0,0.0
1299997,"['taxes', 'payroll', 'e-account', 'direct_debit', 'long-term_deposits']",[],0.0,0.0
1233764,"['current_account', 'pensions_2', 'payroll', 'e-account', 'direct_debit']",[],0.0,0.0
1124268,"['current_account', 'direct_debit', 'particular_account', 'e-account', 'credit_card']",[],0.0,0.0
875866,"['current_account', 'e-account', 'long-term_deposits', 'direct_debit', 'credit_card']",[],0.0,0.0
1471574,"['taxes', 'payroll', 'e-account', 'direct_debit', 'pensions_2']",[],0.0,0.0
1238284,"['taxes', 'e-account', 'particular_account', 'direct_debit', 'credit_card']",[],0.0,0.0
295939,"['particular_account', 'direct_debit', 'taxes', 'e-account', 'payroll_account']",[],0.0,0.0
252591,"['taxes', 'e-account', 'credit_card', 'payroll_account', 'particular_account']",[],0.0,0.0
316257,"['payroll', 'pensions_2', 'payroll_account', 'e-account', 'credit_card']",[],0.0,0.0
485384,"['taxes', 'e-account', 'credit_card', 'payroll', 'payroll_account']",[],0.0,0.0
183758,"['credit_card', 'e-account', 'taxes', 'payroll_account', 'payroll']",[],0.0,0.0
242119,"['current_account', 'funds', 'direct_debit', 'pensions_2', 'payroll']",[],0.0,0.0
1189702,"['credit_card', 'payroll', 'e-account', 'pensions_2', 'long-term_deposits']",[],0.0,0.0
1449820,"['current_account', 'direct_debit', 'e-account', 'particular_account', 'taxes']",[],0.0,0.0
133652,"['securities', 'long-term_deposits', 'current_account', 'taxes', 'particular_account']",[],0.0,0.0
1042619,"['current_account', 'pensions_2', 'payroll', 'credit_card', 'direct_debit']",[],0.0,0.0
1468610,"['current_account', 'pensions_2', 'payroll', 'credit_card', 'direct_debit']",[],0.0,0.0
1138120,"['e-account', 'direct_debit', 'particular_account', 'payroll', 'credit_card']",[],0.0,0.0
960902,"['current_account', 'pensions_2', 'payroll', 'securities', 'e-account']",[],0.0,0.0
743092,"['current_account', 'e-account', 'direct_debit', 'particular_account', 'taxes']",[],0.0,0.0
49689,"['taxes', 'credit_card', 'e-account', 'payroll', 'pensions_2']",[],0.0,0.0
1429503,"['credit_card', 'e-account', 'payroll', 'direct_debit', 'current_account']",[],0.0,0.0
146620,"['current_account', 'credit_card', 'direct_debit', 'particular_account', 'e-account']",[],0.0,0.0
142922,"['current_account', 'particular_account', 'direct_debit', 'particular_plus_account', 'pensions_2']",[],0.0,0.0
673337,"['loans', 'taxes', 'direct_debit', 'long-term_deposits', 'pensions_2']",[],0.0,0.0
413315,"['current_account', 'e-account', 'particular_account', 'direct_debit', 'securities']",[],0.0,0.0
804602,"['current_account', 'long-term_deposits', 'direct_debit', 'e-account', 'particular_account']",[],0.0,0.0
1353698,"['current_account', 'pensions_2', 'securities', 'credit_card', 'payroll']",[],0.0,0.0
1196232,"['current_account', 'credit_card', 'pensions_2', 'payroll', 'direct_debit']",[],0.0,0.0
419678,"['credit_card', 'e-account', 'taxes', 'long-term_deposits', 'payroll_account']",[],0.0,0.0
107903,"['credit_card', 'e-account', 'taxes', 'long-term_deposits', 'payroll_account']",[],0.0,0.0
330379,"['current_account', 'direct_debit', 'particular_account', 'e-account', 'particular_plus_account']",[],0.0,0.0
739047,"['credit_card', 'e-account', 'taxes', 'long-term_deposits', 'payroll_account']",[],0.0,0.0
660666,"['taxes', 'e-account', 'credit_card', 'payroll_account', 'particular_account']",[],0.0,0.0
1212791,"['current_account', 'credit_card', 'pensions_2', 'payroll', 'e-account']",[],0.0,0.0
1219431,"['current_account', 'payroll', 'pensions_2', 'payroll_account', 'credit_card']",[],0.0,0.0
584118,"['particular_account', 'direct_debit', 'taxes', 'e-account', 'payroll']",[],0.0,0.0
693904,"['current_account', 'securities', 'funds', 'e-account', 'long-term_deposits']",[],0.0,0.0
1200366,"['payroll_account', 'taxes', 'pensions_2', 'payroll', 'credit_card']",[],0.0,0.0
696544,"['current_account', 'taxes', 'direct_debit', 'credit_card', 'particular_plus_account']",[],0.0,0.0
221032,"['current_account', 'taxes', 'direct_debit', 'payroll_account', 'long-term_deposits']",[],0.0,0.0
1198949,"['current_account', 'direct_debit', 'securities', 'e-account', 'pensions_2']",[],0.0,0.0
625684,"['current_account', 'e-account', 'particular_account', 'direct_debit', 'payroll_account']",[],0.0,0.0
1488508,"['current_account', 'payroll', 'e-account', 'securities', 'pensions_2']",[],0.0,0.0
302662,"['current_account', 'loans', 'taxes', 'credit_card', 'direct_debit']",[],0.0,0.0
255146,"['current_account', 'particular_account', 'direct_debit', 'taxes', 'credit_card']",[],0.0,0.0
754245,"['taxes', 'e-account', 'credit_card', 'payroll_account', 'payroll']",[],0.0,0.0
1491392,"['current_account', 'pensions_2', 'payroll', 'credit_card', 'direct_debit']",[],0.0,0.0
128380,"['current_account', 'direct_debit', 'particular_account', 'e-account', 'taxes']",[],0.0,0.0
310686,"['current_account', 'particular_account', 'direct_debit', 'e-account', 'credit_card']",[],0.0,0.0
368063,"['taxes', 'e-account', 'credit_card', 'payroll_account', 'particular_account']",[],0.0,0.0
1179361,"['current_account', 'securities', 'pensions_2', 'payroll', 'long-term_deposits']",[],0.0,0.0
1100707,"['taxes', 'payroll', 'e-account', 'pensions_2', 'credit_card']",[],0.0,0.0
1105759,"['current_account', 'pensions_2', 'payroll', 'direct_debit', 'credit_card']",[],0.0,0.0
1432594,"['credit_card', 'payroll', 'e-account', 'pensions_2', 'direct_debit']",[],0.0,0.0
973748,"['current_account', 'e-account', 'direct_debit', 'payroll', 'pensions_2']",[],0.0,0.0
678204,"['current_account', 'direct_debit', 'pensions_2', 'payroll', 'e-account']",[],0.0,0.0
364868,"['particular_account', 'direct_debit', 'e-account', 'pensions_2', 'payroll_account']",[],0.0,0.0
168525,"['current_account', 'funds', 'securities', 'direct_debit', 'payroll']",['direct_debit'],0.2,1.0
1449757,"['current_account', 'payroll', 'credit_card', 'pensions_2', 'e-account']",[],0.0,0.0
472366,"['current_account', 'particular_account', 'long-term_deposits', 'credit_card', 'direct_debit']",[],0.0,0.0
465476,"['taxes', 'e-account', 'credit_card', 'payroll', 'payroll_account']",[],0.0,0.0
29014,"['current_account', 'particular_account', 'e-account', 'direct_debit', 'payroll']",[],0.0,0.0
992741,"['taxes', 'credit_card', 'e-account', 'payroll_account', 'payroll']",[],0.0,0.0
1345911,"['current_account', 'taxes', 'direct_debit', 'payroll', 'securities']",[],0.0,0.0
1094507,"['current_account', 'long-term_deposits', 'payroll_account', 'pensions_2', 'payroll']",[],0.0,0.0
95672,"['securities', 'credit_card', 'payroll_account', 'particular_account', 'pensions_2']","['pensions_2', 'payroll']",0.2,0.5
1077863,"['current_account', 'payroll', 'direct_debit', 'pensions_2', 'particular_plus_account']",[],0.0,0.0
73013,"['taxes', 'e-account', 'credit_card', 'payroll', 'particular_account']",[],0.0,0.0
1008998,"['current_account', 'direct_debit', 'pensions_2', 'long-term_deposits', 'e-account']",[],0.0,0.0
541421,"['payroll_account', 'direct_debit', 'taxes', 'credit_card', 'pensions_2']",[],0.0,0.0
849201,"['securities', 'particular_plus_account', 'current_account', 'direct_debit', 'e-account']",[],0.0,0.0
1229505,"['current_account', 'long-term_deposits', 'e-account', 'taxes', 'direct_debit']",[],0.0,0.0
886517,"['taxes', 'credit_card', 'payroll', 'pensions_2', 'e-account']",[],0.0,0.0
50386,"['payroll_account', 'direct_debit', 'credit_card', 'pensions_2', 'payroll']","['pensions_2', 'payroll']",0.4,1.0
1196654,"['current_account', 'e-account', 'taxes', 'payroll', 'pensions_2']",[],0.0,0.0
1075571,"['credit_card', 'payroll', 'e-account', 'pensions_2', 'direct_debit']",[],0.0,0.0
1020740,"['current_account', 'e-account', 'long-term_deposits', 'payroll', 'pensions_2']",[],0.0,0.0
83718,"['current_account', 'e-account', 'taxes', 'particular_account', 'payroll_account']",[],0.0,0.0
1508920,"['credit_card', 'payroll', 'pensions_2', 'e-account', 'taxes']",[],0.0,0.0
600924,"['taxes', 'e-account', 'credit_card', 'payroll_account', 'particular_account']",[],0.0,0.0
1097742,"['taxes', 'pensions_2', 'payroll', 'credit_card', 'e-account']",[],0.0,0.0
1178306,"['current_account', 'taxes', 'credit_card', 'direct_debit', 'payroll']",[],0.0,0.0
946095,"['taxes', 'pensions_2', 'payroll', 'credit_card', 'e-account']",[],0.0,0.0
172948,"['taxes', 'e-account', 'credit_card', 'payroll', 'particular_account']",[],0.0,0.0
164121,"['current_account', 'direct_debit', 'credit_card', 'taxes', 'e-account']",[],0.0,0.0
936311,"['taxes', 'payroll', 'e-account', 'pensions_2', 'credit_card']",[],0.0,0.0
588136,"['loans', 'e-account', 'direct_debit', 'particular_account', 'taxes']",[],0.0,0.0
1404180,"['current_account', 'credit_card', 'pensions_2', 'payroll', 'direct_debit']",[],0.0,0.0
1463706,"['current_account', 'payroll', 'pensions_2', 'direct_debit', 'e-account']",[],0.0,0.0
1038552,"['current_account', 'securities', 'pensions_2', 'long-term_deposits', 'e-account']",[],0.0,0.0
1336532,"['current_account', 'securities', 'taxes', 'direct_debit', 'particular_plus_account']",[],0.0,0.0
91563,"['taxes', 'particular_account', 'particular_plus_account', 'direct_debit', 'e-account']",[],0.0,0.0
1373086,"['credit_card', 'pensions_2', 'payroll', 'e-account', 'taxes']",[],0.0,0.0
1298240,"['e-account', 'particular_plus_account', 'direct_debit', 'pensions_2', 'credit_card']",[],0.0,0.0
1102247,"['taxes', 'payroll', 'pensions_2', 'credit_card', 'e-account']",[],0.0,0.0
115858,"['credit_card', 'pensions_2', 'payroll', 'taxes', 'long-term_deposits']",['credit_card'],0.2,1.0
762405,"['long-term_deposits', 'payroll', 'pensions_2', 'taxes', 'payroll_account']",[],0.0,0.0
352177,"['current_account', 'long-term_deposits', 'particular_account', 'payroll', 'credit_card']",[],0.0,0.0
117772,"['funds', 'e-account', 'taxes', 'payroll', 'pensions_2']",[],0.0,0.0
1005388,"['taxes', 'credit_card', 'payroll', 'e-account', 'particular_account']",[],0.0,0.0
1358631,"['credit_card', 'payroll', 'pensions_2', 'e-account', 'taxes']",[],0.0,0.0
327796,"['taxes', 'e-account', 'credit_card', 'payroll', 'payroll_account']",[],0.0,0.0
244627,"['particular_account', 'credit_card', 'taxes', 'e-account', 'direct_debit']",[],0.0,0.0
662040,"['junior_account', 'payroll', 'credit_card', 'pensions_2', 'e-account']",[],0.0,0.0
625713,"['taxes', 'e-account', 'credit_card', 'particular_account', 'payroll_account']",[],0.0,0.0
1299411,"['credit_card', 'e-account', 'taxes', 'payroll_account', 'payroll']",[],0.0,0.0
939439,"['current_account', 'payroll', 'credit_card', 'securities', 'e-account']",[],0.0,0.0
1251089,"['payroll_account', 'pensions_2', 'payroll', 'direct_debit', 'credit_card']",[],0.0,0.0
738502,"['credit_card', 'e-account', 'taxes', 'direct_debit', 'payroll']",[],0.0,0.0
1446253,"['current_account', 'direct_debit', 'taxes', 'credit_card', 'e-account']",['taxes'],0.2,1.0
1179947,"['current_account', 'credit_card', 'e-account', 'direct_debit', 'taxes']",[],0.0,0.0
1350003,"['current_account', 'taxes', 'direct_debit', 'payroll', 'e-account']",[],0.0,0.0
202835,"['current_account', 'direct_debit', 'taxes', 'payroll_account', 'credit_card']",[],0.0,0.0
1261623,"['current_account', 'taxes', 'e-account', 'particular_account', 'direct_debit']",[],0.0,0.0
1525936,"['credit_card', 'e-account', 'taxes', 'payroll_account', 'payroll']",[],0.0,0.0
153266,"['current_account', 'direct_debit', 'e-account', 'taxes', 'long-term_deposits']",[],0.0,0.0
707207,"['current_account', 'particular_account', 'long-term_deposits', 'direct_debit', 'credit_card']",[],0.0,0.0
1297188,"['current_account', 'direct_debit', 'pensions_2', 'particular_account', 'e-account']",[],0.0,0.0
1361700,"['taxes', 'payroll', 'e-account', 'pensions_2', 'credit_card']",[],0.0,0.0
120715,"['taxes', 'credit_card', 'e-account', 'payroll', 'particular_account']",[],0.0,0.0
178868,"['payroll', 'pensions_2', 'credit_card', 'payroll_account', 'e-account']",[],0.0,0.0
697403,"['taxes', 'e-account', 'credit_card', 'payroll_account', 'particular_account']",[],0.0,0.0
351973,"['taxes', 'e-account', 'credit_card', 'payroll_account', 'particular_account']",[],0.0,0.0
90475,"['taxes', 'credit_card', 'e-account', 'pensions_2', 'payroll']",[],0.0,0.0
843189,"['current_account', 'taxes', 'particular_plus_account', 'direct_debit', 'particular_account']",['direct_debit'],0.2,1.0
1462668,"['current_account', 'pensions_2', 'e-account', 'credit_card', 'payroll']",[],0.0,0.0
1035679,"['current_account', 'taxes', 'e-account', 'credit_card', 'direct_debit']",[],0.0,0.0
1334168,"['current_account', 'direct_debit', 'e-account', 'pensions_2', 'particular_account']",[],0.0,0.0
695432,"['taxes', 'e-account', 'credit_card', 'payroll_account', 'particular_account']",[],0.0,0.0
1275346,"['current_account', 'taxes', 'credit_card', 'pensions_2', 'e-account']",[],0.0,0.0
1143406,"['current_account', 'payroll', 'pensions_2', 'taxes', 'direct_debit']",[],0.0,0.0
84971,"['current_account', 'e-account', 'pensions', 'direct_debit', 'taxes']",[],0.0,0.0
801926,"['current_account', 'direct_debit', 'e-account', 'long-term_deposits', 'particular_account']",[],0.0,0.0
95977,"['taxes', 'credit_card', 'e-account', 'payroll', 'pensions_2']",[],0.0,0.0
962408,"['current_account', 'taxes', 'credit_card', 'direct_debit', 'long-term_deposits']",[],0.0,0.0
641960,"['current_account', 'securities', 'long-term_deposits', 'e-account', 'payroll_account']","['long-term_deposits', 'e-account']",0.4,1.0
107210,"['current_account', 'particular_account', 'taxes', 'credit_card', 'direct_debit']",[],0.0,0.0
1414983,"['current_account', 'pensions_2', 'direct_debit', 'securities', 'particular_plus_account']",[],0.0,0.0
446294,"['current_account', 'e-account', 'direct_debit', 'particular_account', 'taxes']",[],0.0,0.0
847200,"['taxes', 'e-account', 'direct_debit', 'payroll_account', 'payroll']",[],0.0,0.0
1381345,"['current_account', 'direct_debit', 'taxes', 'securities', 'e-account']",[],0.0,0.0
1183991,"['current_account', 'e-account', 'pensions_2', 'taxes', 'direct_debit']",[],0.0,0.0
265058,"['taxes', 'e-account', 'direct_debit', 'payroll_account', 'particular_account']",[],0.0,0.0
811312,"['credit_card', 'e-account', 'taxes', 'payroll_account', 'payroll']",[],0.0,0.0
474745,"['current_account', 'direct_debit', 'e-account', 'taxes', 'credit_card']",[],0.0,0.0
1205369,"['current_account', 'direct_debit', 'particular_account', 'e-account', 'long-term_deposits']",[],0.0,0.0
1518273,"['payroll', 'pensions_2', 'credit_card', 'direct_debit', 'taxes']",[],0.0,0.0
1001894,"['credit_card', 'direct_debit', 'particular_account', 'e-account', 'taxes']",[],0.0,0.0
1297299,"['payroll_account', 'e-account', 'payroll', 'pensions_2', 'credit_card']",[],0.0,0.0
570986,"['current_account', 'particular_account', 'credit_card', 'direct_debit', 'e-account']",[],0.0,0.0
1338519,"['current_account', 'payroll', 'taxes', 'e-account', 'direct_debit']",[],0.0,0.0
712692,"['loans', 'taxes', 'e-account', 'direct_debit', 'credit_card']",[],0.0,0.0
1310834,"['current_account', 'pensions_2', 'payroll', 'direct_debit', 'e-account']",[],0.0,0.0
1455531,"['current_account', 'pensions_2', 'payroll', 'credit_card', 'securities']",[],0.0,0.0
1478864,"['credit_card', 'payroll', 'pensions_2', 'e-account', 'direct_debit']",[],0.0,0.0
479132,"['taxes', 'e-account', 'credit_card', 'payroll_account', 'payroll']",[],0.0,0.0
172781,"['current_account', 'direct_debit', 'e-account', 'credit_card', 'particular_account']",[],0.0,0.0
1467977,"['current_account', 'payroll', 'pensions_2', 'taxes', 'e-account']",[],0.0,0.0
1459073,"['current_account', 'credit_card', 'payroll', 'e-account', 'taxes']",[],0.0,0.0
687306,"['taxes', 'e-account', 'credit_card', 'payroll_account', 'particular_account']",[],0.0,0.0
1312152,"['current_account', 'e-account', 'credit_card', 'direct_debit', 'taxes']",[],0.0,0.0
182184,"['taxes', 'e-account', 'credit_card', 'payroll_account', 'particular_account']",[],0.0,0.0
1474466,"['current_account', 'e-account', 'direct_debit', 'taxes', 'particular_plus_account']",[],0.0,0.0
1366012,"['current_account', 'pensions_2', 'payroll', 'e-account', 'direct_debit']",[],0.0,0.0
1209887,"['taxes', 'payroll', 'pensions_2', 'e-account', 'credit_card']",[],0.0,0.0
1308025,"['current_account', 'direct_debit', 'long-term_deposits', 'particular_account', 'taxes']",[],0.0,0.0
376586,"['current_account', 'particular_account', 'direct_debit', 'taxes', 'credit_card']",[],0.0,0.0
1162959,"['current_account', 'pensions_2', 'payroll', 'direct_debit', 'particular_plus_account']",[],0.0,0.0
768852,"['current_account', 'direct_debit', 'e-account', 'particular_account', 'particular_plus_account']",[],0.0,0.0
1445112,"['current_account', 'e-account', 'payroll', 'pensions_2', 'particular_account']",[],0.0,0.0
1025000,"['current_account', 'payroll', 'pensions_2', 'e-account', 'payroll_account']",[],0.0,0.0
748042,"['current_account', 'e-account', 'direct_debit', 'credit_card', 'particular_account']",[],0.0,0.0
1111030,"['taxes', 'payroll', 'pensions_2', 'credit_card', 'e-account']",[],0.0,0.0
1128754,"['junior_account', 'pensions_2', 'payroll', 'e-account', 'securities']",[],0.0,0.0
1215331,"['current_account', 'payroll', 'securities', 'pensions_2', 'direct_debit']",[],0.0,0.0
899562,"['credit_card', 'e-account', 'taxes', 'direct_debit', 'payroll']",[],0.0,0.0
962549,"['current_account', 'taxes', 'e-account', 'payroll', 'direct_debit']",[],0.0,0.0
1002999,"['current_account', 'e-account', 'taxes', 'direct_debit', 'credit_card']",[],0.0,0.0
121742,"['long-term_deposits', 'particular_account', 'taxes', 'pensions_2', 'payroll']",[],0.0,0.0
1419406,"['current_account', 'e-account', 'direct_debit', 'taxes', 'payroll_account']",[],0.0,0.0
1084837,"['current_account', 'pensions_2', 'payroll', 'taxes', 'e-account']",[],0.0,0.0
1051025,"['current_account', 'e-account', 'direct_debit', 'payroll_account', 'payroll']",[],0.0,0.0
1143733,"['current_account', 'pensions_2', 'payroll', 'credit_card', 'direct_debit']",[],0.0,0.0
764512,"['taxes', 'e-account', 'direct_debit', 'payroll', 'pensions_2']",[],0.0,0.0
1284859,"['current_account', 'pensions_2', 'payroll', 'e-account', 'direct_debit']",[],0.0,0.0
865157,"['current_account', 'e-account', 'direct_debit', 'taxes', 'payroll_account']",[],0.0,0.0
790741,"['current_account', 'direct_debit', 'taxes', 'e-account', 'payroll_account']",[],0.0,0.0
1313733,"['current_account', 'direct_debit', 'taxes', 'credit_card', 'e-account']",[],0.0,0.0
720026,"['taxes', 'e-account', 'direct_debit', 'particular_account', 'payroll_account']",[],0.0,0.0
92550,"['taxes', 'e-account', 'payroll', 'pensions_2', 'direct_debit']",[],0.0,0.0
1370858,"['taxes', 'pensions_2', 'payroll', 'direct_debit', 'e-account']",[],0.0,0.0
965337,"['current_account', 'taxes', 'e-account', 'direct_debit', 'payroll_account']",[],0.0,0.0
279080,"['current_account', 'direct_debit', 'e-account', 'taxes', 'payroll_account']",[],0.0,0.0
482392,"['current_account', 'direct_debit', 'e-account', 'particular_account', 'payroll_account']",[],0.0,0.0
1030584,"['e-account', 'taxes', 'payroll', 'pensions_2', 'direct_debit']",[],0.0,0.0
444642,"['pensions_2', 'payroll', 'e-account', 'taxes', 'direct_debit']",[],0.0,0.0
1187345,"['current_account', 'e-account', 'taxes', 'direct_debit', 'payroll']",[],0.0,0.0
305789,"['securities', 'funds', 'current_account', 'particular_account', 'e-account']",[],0.0,0.0
938502,"['current_account', 'particular_account', 'pensions_2', 'payroll', 'direct_debit']",[],0.0,0.0
1148810,"['current_account', 'direct_debit', 'e-account', 'particular_account', 'taxes']",[],0.0,0.0
1456199,"['current_account', 'e-account', 'direct_debit', 'long-term_deposits', 'taxes']",[],0.0,0.0
1400974,"['payroll_account', 'e-account', 'taxes', 'direct_debit', 'junior_account']","['pensions_2', 'payroll']",0.0,0.0
1134092,"['taxes', 'pensions_2', 'payroll', 'direct_debit', 'e-account']",[],0.0,0.0
672260,"['current_account', 'e-account', 'direct_debit', 'payroll_account', 'payroll']",[],0.0,0.0
1476119,"['taxes', 'pensions_2', 'payroll', 'direct_debit', 'e-account']",[],0.0,0.0
115742,"['current_account', 'e-account', 'direct_debit', 'payroll_account', 'long-term_deposits']",[],0.0,0.0
820462,"['taxes', 'e-account', 'direct_debit', 'payroll', 'pensions_2']",[],0.0,0.0
1230016,"['current_account', 'pensions_2', 'payroll', 'direct_debit', 'particular_account']",[],0.0,0.0
791288,"['current_account', 'securities', 'particular_account', 'taxes', 'direct_debit']",[],0.0,0.0
680121,"['current_account', 'e-account', 'taxes', 'direct_debit', 'payroll']",[],0.0,0.0
1236242,"['taxes', 'pensions_2', 'payroll', 'direct_debit', 'e-account']",[],0.0,0.0
954092,"['current_account', 'direct_debit', 'e-account', 'particular_account', 'securities']",[],0.0,0.0
1034953,"['taxes', 'pensions_2', 'payroll', 'direct_debit', 'e-account']",[],0.0,0.0
162051,"['taxes', 'e-account', 'payroll', 'pensions_2', 'direct_debit']",[],0.0,0.0
1428896,"['current_account', 'e-account', 'direct_debit', 'particular_account', 'taxes']",[],0.0,0.0
276125,"['current_account', 'particular_account', 'e-account', 'direct_debit', 'payroll_account']",[],0.0,0.0
1191022,"['current_account', 'e-account', 'direct_debit', 'particular_account', 'payroll_account']",[],0.0,0.0
989506,"['current_account', 'direct_debit', 'e-account', 'taxes', 'securities']",[],0.0,0.0
897654,"['taxes', 'e-account', 'particular_account', 'payroll_account', 'payroll']",[],0.0,0.0
1213425,"['taxes', 'pensions_2', 'payroll', 'direct_debit', 'current_account']",[],0.0,0.0
1023818,"['taxes', 'e-account', 'direct_debit', 'current_account', 'particular_account']",[],0.0,0.0
1083497,"['current_account', 'direct_debit', 'pensions_2', 'payroll', 'taxes']",[],0.0,0.0
1240720,"['current_account', 'particular_account', 'e-account', 'taxes', 'direct_debit']",[],0.0,0.0
1251924,"['current_account', 'e-account', 'direct_debit', 'payroll', 'pensions_2']",[],0.0,0.0
1401747,"['current_account', 'direct_debit', 'e-account', 'taxes', 'payroll_account']",[],0.0,0.0
1131433,"['e-account', 'current_account', 'direct_debit', 'payroll', 'pensions_2']",[],0.0,0.0
1176703,"['current_account', 'direct_debit', 'taxes', 'e-account', 'particular_account']",[],0.0,0.0
1182778,"['current_account', 'pensions_2', 'payroll', 'payroll_account', 'direct_debit']",[],0.0,0.0
1443985,"['current_account', 'pensions_2', 'payroll', 'e-account', 'direct_debit']",[],0.0,0.0
1081368,"['current_account', 'taxes', 'e-account', 'direct_debit', 'payroll_account']",[],0.0,0.0
570542,"['funds', 'direct_debit', 'e-account', 'taxes', 'payroll_account']",[],0.0,0.0
1426998,"['current_account', 'e-account', 'direct_debit', 'taxes', 'payroll_account']",[],0.0,0.0
1357926,"['taxes', 'pensions_2', 'payroll', 'direct_debit', 'current_account']",[],0.0,0.0
1062749,"['current_account', 'taxes', 'e-account', 'direct_debit', 'securities']",[],0.0,0.0
1153565,"['current_account', 'direct_debit', 'pensions_2', 'payroll', 'particular_account']",[],0.0,0.0
1084511,"['current_account', 'pensions_2', 'payroll', 'taxes', 'e-account']",[],0.0,0.0
893441,"['taxes', 'e-account', 'direct_debit', 'current_account', 'particular_account']",[],0.0,0.0
419607,"['payroll_account', 'e-account', 'direct_debit', 'payroll', 'pensions_2']","['pensions_2', 'payroll']",0.4,1.0
977031,"['taxes', 'pensions_2', 'payroll', 'direct_debit', 'e-account']",[],0.0,0.0
1303938,"['payroll_account', 'pensions_2', 'payroll', 'e-account', 'particular_account']",[],0.0,0.0
316770,"['current_account', 'taxes', 'e-account', 'payroll', 'particular_account']","['payroll_account', 'direct_debit', 'credit_card']",0.0,0.0
1481644,"['taxes', 'pensions_2', 'payroll', 'direct_debit', 'current_account']",[],0.0,0.0
899182,"['taxes', 'pensions_2', 'payroll', 'e-account', 'direct_debit']",[],0.0,0.0
1086844,"['current_account', 'e-account', 'taxes', 'direct_debit', 'particular_account']",[],0.0,0.0
106615,"['taxes', 'e-account', 'direct_debit', 'particular_account', 'payroll_account']",[],0.0,0.0
1361019,"['taxes', 'pensions_2', 'payroll', 'direct_debit', 'current_account']",[],0.0,0.0
1474922,"['current_account', 'taxes', 'e-account', 'direct_debit', 'securities']",[],0.0,0.0
1367712,"['current_account', 'direct_debit', 'e-account', 'taxes', 'payroll']",[],0.0,0.0
1046984,"['current_account', 'taxes', 'e-account', 'direct_debit', 'payroll']",[],0.0,0.0
1428000,"['current_account', 'e-account', 'direct_debit', 'payroll', 'pensions_2']",[],0.0,0.0
354267,"['taxes', 'e-account', 'particular_account', 'payroll_account', 'direct_debit']",[],0.0,0.0
732824,"['taxes', 'e-account', 'direct_debit', 'particular_account', 'payroll_account']",[],0.0,0.0
523262,"['current_account', 'direct_debit', 'e-account', 'particular_account', 'payroll_account']",[],0.0,0.0
744715,"['current_account', 'e-account', 'direct_debit', 'particular_account', 'taxes']",[],0.0,0.0
1275518,"['current_account', 'pensions_2', 'payroll', 'e-account', 'direct_debit']",[],0.0,0.0
1441447,"['taxes', 'e-account', 'direct_debit', 'particular_account', 'payroll_account']",[],0.0,0.0
376087,"['taxes', 'e-account', 'particular_account', 'payroll_account', 'direct_debit']",[],0.0,0.0
1249999,"['payroll_account', 'direct_debit', 'e-account', 'taxes', 'payroll']","['pensions_2', 'payroll']",0.2,0.5
614736,"['taxes', 'e-account', 'direct_debit', 'current_account', 'payroll']",[],0.0,0.0
577137,"['taxes', 'e-account', 'particular_account', 'payroll_account', 'direct_debit']",[],0.0,0.0
31258,"['taxes', 'e-account', 'direct_debit', 'payroll', 'pensions_2']",[],0.0,0.0
752257,"['current_account', 'direct_debit', 'payroll_account', 'e-account', 'particular_account']",[],0.0,0.0
1088039,"['current_account', 'pensions_2', 'payroll', 'taxes', 'e-account']",[],0.0,0.0
1476077,"['current_account', 'direct_debit', 'taxes', 'payroll_account', 'e-account']",[],0.0,0.0
1456573,"['current_account', 'taxes', 'direct_debit', 'e-account', 'securities']",[],0.0,0.0
813948,"['long-term_deposits', 'payroll_account', 'e-account', 'direct_debit', 'payroll']",[],0.0,0.0
1373391,"['current_account', 'e-account', 'payroll', 'pensions_2', 'direct_debit']",[],0.0,0.0
78200,"['taxes', 'home_account', 'payroll', 'pensions_2', 'credit_card']",[],0.0,0.0
522158,"['taxes', 'e-account', 'direct_debit', 'particular_account', 'payroll_account']",[],0.0,0.0
69593,"['taxes', 'e-account', 'payroll', 'pensions_2', 'direct_debit']",[],0.0,0.0
1104918,"['current_account', 'pensions_2', 'payroll', 'direct_debit', 'taxes']",[],0.0,0.0
1154372,"['current_account', 'e-account', 'direct_debit', 'taxes', 'junior_account']",[],0.0,0.0
1079557,"['current_account', 'direct_debit', 'e-account', 'payroll', 'pensions_2']",[],0.0,0.0
1021949,"['current_account', 'taxes', 'e-account', 'direct_debit', 'particular_account']",[],0.0,0.0
122004,"['current_account', 'direct_debit', 'taxes', 'e-account', 'particular_account']",[],0.0,0.0
117185,"['current_account', 'particular_account', 'direct_debit', 'e-account', 'taxes']",[],0.0,0.0
552904,"['particular_account', 'e-account', 'direct_debit', 'current_account', 'taxes']",[],0.0,0.0
645240,"['current_account', 'particular_account', 'direct_debit', 'e-account', 'taxes']",[],0.0,0.0
1163106,"['current_account', 'taxes', 'direct_debit', 'e-account', 'securities']",[],0.0,0.0
589483,"['current_account', 'direct_debit', 'credit_card', 'e-account', 'taxes']",[],0.0,0.0
697714,"['taxes', 'e-account', 'direct_debit', 'particular_account', 'payroll_account']",[],0.0,0.0
42360,"['taxes', 'e-account', 'direct_debit', 'particular_account', 'payroll_account']",[],0.0,0.0
1304078,"['current_account', 'e-account', 'direct_debit', 'taxes', 'payroll_account']",[],0.0,0.0
1248759,"['current_account', 'direct_debit', 'e-account', 'taxes', 'payroll_account']",[],0.0,0.0
747375,"['current_account', 'e-account', 'direct_debit', 'payroll_account', 'long-term_deposits']",[],0.0,0.0
404589,"['current_account', 'direct_debit', 'payroll_account', 'e-account', 'particular_account']",[],0.0,0.0
397973,"['taxes', 'e-account', 'particular_account', 'payroll_account', 'direct_debit']",[],0.0,0.0
950376,"['current_account', 'direct_debit', 'pensions_2', 'payroll', 'particular_account']",[],0.0,0.0
399135,"['current_account', 'e-account', 'direct_debit', 'payroll_account', 'taxes']",[],0.0,0.0
439782,"['taxes', 'credit_card', 'direct_debit', 'e-account', 'particular_plus_account']",[],0.0,0.0
614957,"['current_account', 'direct_debit', 'e-account', 'taxes', 'particular_account']",[],0.0,0.0
1323750,"['current_account', 'direct_debit', 'e-account', 'taxes', 'securities']",[],0.0,0.0
1472504,"['current_account', 'e-account', 'direct_debit', 'payroll_account', 'particular_account']",[],0.0,0.0
708871,"['current_account', 'direct_debit', 'e-account', 'payroll_account', 'particular_account']",[],0.0,0.0
1083097,"['junior_account', 'pensions_2', 'payroll', 'e-account', 'payroll_account']",[],0.0,0.0
1516665,"['payroll_account', 'e-account', 'direct_debit', 'current_account', 'taxes']",['direct_debit'],0.2,1.0
950763,"['taxes', 'pensions_2', 'payroll', 'direct_debit', 'current_account']",[],0.0,0.0
1515688,"['current_account', 'e-account', 'direct_debit', 'taxes', 'payroll_account']",['direct_debit'],0.2,1.0
1179009,"['current_account', 'pensions_2', 'payroll', 'credit_card', 'direct_debit']",[],0.0,0.0
1309282,"['current_account', 'direct_debit', 'e-account', 'taxes', 'particular_account']",[],0.0,0.0
1259806,"['taxes', 'direct_debit', 'e-account', 'current_account', 'particular_account']",[],0.0,0.0
116292,"['taxes', 'e-account', 'direct_debit', 'particular_account', 'payroll_account']",[],0.0,0.0
1385763,"['current_account', 'taxes', 'long-term_deposits', 'payroll_account', 'particular_plus_account']",[],0.0,0.0
757215,"['taxes', 'e-account', 'particular_account', 'payroll_account', 'direct_debit']",[],0.0,0.0
508647,"['taxes', 'e-account', 'direct_debit', 'current_account', 'payroll']",[],0.0,0.0
474935,"['taxes', 'e-account', 'particular_account', 'payroll_account', 'direct_debit']",[],0.0,0.0
1163764,"['current_account', 'direct_debit', 'e-account', 'payroll', 'pensions_2']",[],0.0,0.0
1483029,"['current_account', 'taxes', 'direct_debit', 'pensions_2', 'payroll']",[],0.0,0.0
313644,"['taxes', 'e-account', 'direct_debit', 'payroll', 'pensions_2']",[],0.0,0.0
69988,"['current_account', 'e-account', 'direct_debit', 'particular_account', 'long-term_deposits']",[],0.0,0.0
734095,"['current_account', 'direct_debit', 'particular_account', 'taxes', 'e-account']",[],0.0,0.0
392801,"['taxes', 'e-account', 'direct_debit', 'particular_account', 'payroll_account']",[],0.0,0.0
853345,"['current_account', 'particular_plus_account', 'direct_debit', 'taxes', 'e-account']",[],0.0,0.0
77896,"['current_account', 'e-account', 'direct_debit', 'taxes', 'long-term_deposits']",[],0.0,0.0
1504202,"['current_account', 'e-account', 'taxes', 'direct_debit', 'particular_account']","['payroll_account', 'pensions_2', 'payroll']",0.0,0.0
979588,"['current_account', 'taxes', 'direct_debit', 'long-term_deposits', 'credit_card']",[],0.0,0.0
1366675,"['taxes', 'pensions_2', 'payroll', 'direct_debit', 'e-account']",[],0.0,0.0
941826,"['current_account', 'payroll_account', 'direct_debit', 'e-account', 'taxes']",[],0.0,0.0
1172567,"['junior_account', 'taxes', 'direct_debit', 'e-account', 'payroll']",[],0.0,0.0
300789,"['current_account', 'e-account', 'payroll_account', 'particular_account', 'direct_debit']",[],0.0,0.0
807105,"['current_account', 'direct_debit', 'taxes', 'e-account', 'payroll_account']",[],0.0,0.0
1395974,"['current_account', 'taxes', 'direct_debit', 'payroll_account', 'particular_plus_account']",[],0.0,0.0
925715,"['current_account', 'e-account', 'payroll_account', 'direct_debit', 'taxes']",[],0.0,0.0
586505,"['current_account', 'direct_debit', 'e-account', 'taxes', 'particular_account']",[],0.0,0.0
702333,"['current_account', 'e-account', 'particular_account', 'taxes', 'direct_debit']",[],0.0,0.0
1513207,"['e-account', 'direct_debit', 'current_account', 'taxes', 'payroll']",[],0.0,0.0
1364914,"['taxes', 'pensions_2', 'payroll', 'direct_debit', 'e-account']",[],0.0,0.0
250267,"['particular_account', 'direct_debit', 'e-account', 'payroll_account', 'taxes']",[],0.0,0.0
153766,"['long-term_deposits', 'current_account', 'e-account', 'direct_debit', 'credit_card']",['credit_card'],0.2,1.0
442191,"['taxes', 'e-account', 'particular_account', 'payroll_account', 'direct_debit']",[],0.0,0.0
1315409,"['current_account', 'direct_debit', 'e-account', 'particular_account', 'payroll_account']",[],0.0,0.0
528535,"['current_account', 'particular_account', 'direct_debit', 'e-account', 'payroll_account']",[],0.0,0.0
600522,"['taxes', 'e-account', 'particular_account', 'payroll_account', 'direct_debit']",[],0.0,0.0
594364,"['junior_account', 'e-account', 'direct_debit', 'current_account', 'payroll']",[],0.0,0.0
1283428,"['current_account', 'e-account', 'direct_debit', 'taxes', 'long-term_deposits']",[],0.0,0.0
946130,"['current_account', 'pensions_2', 'payroll', 'taxes', 'direct_debit']",[],0.0,0.0
811167,"['current_account', 'particular_plus_account', 'e-account', 'particular_account', 'payroll_account']",[],0.0,0.0
1204976,"['current_account', 'taxes', 'e-account', 'payroll', 'pensions_2']",[],0.0,0.0
1038150,"['current_account', 'direct_debit', 'taxes', 'e-account', 'junior_account']",[],0.0,0.0
461400,"['taxes', 'e-account', 'particular_account', 'payroll_account', 'direct_debit']",[],0.0,0.0
638865,"['taxes', 'e-account', 'direct_debit', 'particular_account', 'payroll_account']",[],0.0,0.0
498572,"['taxes', 'e-account', 'particular_account', 'payroll_account', 'direct_debit']",[],0.0,0.0
510603,"['taxes', 'e-account', 'particular_account', 'payroll_account', 'direct_debit']",[],0.0,0.0
1239796,"['current_account', 'e-account', 'direct_debit', 'taxes', 'securities']",[],0.0,0.0
1359997,"['payroll_account', 'current_account', 'direct_debit', 'e-account', 'particular_account']",[],0.0,0.0
1163837,"['current_account', 'direct_debit', 'taxes', 'e-account', 'credit_card']",[],0.0,0.0
370294,"['current_account', 'e-account', 'direct_debit', 'particular_account', 'taxes']",[],0.0,0.0
900413,"['e-account', 'direct_debit', 'credit_card', 'payroll_account', 'current_account']","['pensions_2', 'payroll']",0.0,0.0
1239614,"['e-account', 'current_account', 'particular_account', 'payroll', 'pensions_2']",[],0.0,0.0
1244706,"['current_account', 'direct_debit', 'e-account', 'particular_account', 'payroll_account']",[],0.0,0.0
1449479,"['current_account', 'e-account', 'direct_debit', 'taxes', 'payroll_account']",[],0.0,0.0
1222808,"['taxes', 'pensions_2', 'payroll', 'direct_debit', 'current_account']",[],0.0,0.0
1296021,"['taxes', 'pensions_2', 'payroll', 'direct_debit', 'e-account']",[],0.0,0.0
201488,"['current_account', 'direct_debit', 'mortgage', 'e-account', 'payroll_account']","['payroll_account', 'pensions_2', 'payroll']",0.2,0.3333333333333333
1278440,"['current_account', 'direct_debit', 'taxes', 'e-account', 'credit_card']",[],0.0,0.0
88245,"['direct_debit', 'taxes', 'particular_plus_account', 'payroll', 'pensions_2']",['credit_card'],0.0,0.0
1420032,"['current_account', 'e-account', 'direct_debit', 'taxes', 'securities']",[],0.0,0.0
1112474,"['current_account', 'pensions_2', 'payroll', 'direct_debit', 'taxes']",[],0.0,0.0
400398,"['taxes', 'pensions_2', 'payroll', 'e-account', 'direct_debit']",[],0.0,0.0
1512139,"['e-account', 'direct_debit', 'current_account', 'taxes', 'payroll']",[],0.0,0.0
1050469,"['current_account', 'direct_debit', 'taxes', 'payroll_account', 'e-account']",[],0.0,0.0
